Denumire,Locatie,Pret_noapte,Nr_stele,Scor,Nr_evaluari,Nr_nopti,Check-in,Check-out,Nr_camere,Nr_adulti,Nr_copiii
Barrique Garden,Brasov,382.4,0,9.0,0.0,5,2025-04-16,2025-04-21,1,1,2
Heart of Transylvania - free parking,Brasov,342.0,0,9.0,0.0,5,2025-04-16,2025-04-21,1,1,2
Kronsmart Apartment - Cozy Fireplace and Free Parking,Brasov,338.0,0,9.0,0.0,5,2025-04-16,2025-04-21,1,1,2
Anddia Central Apartment,Brasov,217.8,0,9.3,22.0,5,2025-04-16,2025-04-21,1,1,2
Mirandis Apartments - Comfort & Private Parking Near Coresi Mall,Brasov,271.2,4,9.5,102.0,5,2025-04-16,2025-04-21,1,1,2
Avram Iancu Private Apartment with AC,Brasov,315.0,3,9.8,139.0,5,2025-04-16,2025-04-21,1,1,2
Hotel Aro Palace,Brasov,658.0,0,8.7,2.698,5,2025-04-16,2025-04-21,1,1,2
Red Fountain Studio,Brasov,340.0,0,9.8,178.0,5,2025-04-16,2025-04-21,1,1,2
Hirscher Apartments,Brasov,337.4,4,9.9,207.0,5,2025-04-16,2025-04-21,1,1,2
Seek and Hide - Csilla's Tiny Hideaway,Brasov,231.4,3,9.7,70.0,5,2025-04-16,2025-04-21,1,1,2
PEAK Aparthotel - Old Town - by CityHost,Brasov,370.6,4,9.1,152.0,5,2025-04-16,2025-04-21,1,1,2
Hotel Rainer,Brasov,405.8,0,8.7,2.546,5,2025-04-16,2025-04-21,1,1,2
Montello Guest House,Brasov,428.0,4,9.8,87.0,5,2025-04-16,2025-04-21,1,1,2
Coresi Studio Inn,Brasov,252.0,4,9.7,18.0,5,2025-04-16,2025-04-21,1,1,2
Apartament Julia,Brasov,352.8,0,9.7,5.0,5,2025-04-16,2025-04-21,1,1,2
KOA - Aparthotel,Brasov,657.4,0,9.7,1.469,5,2025-04-16,2025-04-21,1,1,2
Relax601,Brasov,370.0,4,9.7,35.0,5,2025-04-16,2025-04-21,1,1,2
Coresi Mall Area Studios & Apartments by GLAM,Brasov,408.0,3,9.3,95.0,5,2025-04-16,2025-04-21,1,1,2
Minani Apartments,Brasov,304.6,3,9.3,28.0,5,2025-04-16,2025-04-21,1,1,2
Grand Hotel Belvedere,Brasov,670.6,0,8.7,1.82,5,2025-04-16,2025-04-21,1,1,2
Apartment SOFIA,Brasov,479.0,3,9.9,60.0,5,2025-04-16,2025-04-21,1,1,2
Bark Inn - Bed and Breakfast,Brasov,415.4,0,9.6,112.0,5,2025-04-16,2025-04-21,1,1,2
Saint John's 22 Brasov,Brasov,441.4,4,9.7,143.0,5,2025-04-16,2025-04-21,1,1,2
Apartment Casa Friedrich Czell,Brasov,423.0,3,9.5,128.0,5,2025-04-16,2025-04-21,1,1,2
Schiller Apartment 57 - Free private parking,Brasov,414.0,3,9.8,20.0,5,2025-04-16,2025-04-21,1,1,2
Alina,Suceava,108000.0,0,9.8,0.0,5,2025-04-16,2025-04-21,1,1,2
Luxury Sunny Apartments near City Center Suceava,Suceava,247.6,3,9.2,66.0,5,2025-04-16,2025-04-21,1,1,2
Zlata Rezidential Home,Suceava,261.0,4,9.6,10.0,5,2025-04-16,2025-04-21,1,1,2
Luxury Apartments and Studios Boulevard G Enescu Suceava,Suceava,360.0,3,9.3,242.0,5,2025-04-16,2025-04-21,1,1,2
Luxury Towers Apartments Parking included,Suceava,405.4,3,9.9,46.0,5,2025-04-16,2025-04-21,1,1,2
Luxury Apartments with 1&2 Bedroom with Parking,Suceava,368.6,3,9.6,28.0,5,2025-04-16,2025-04-21,1,1,2
Cozy ApartHotel K Suceava,Suceava,360.0,3,9.3,349.0,5,2025-04-16,2025-04-21,1,1,2
Hotel Sonnenhof,Suceava,570.0,0,9.4,1.362,5,2025-04-16,2025-04-21,1,1,2
Apartament Suceava,Suceava,315.0,3,9.7,46.0,5,2025-04-16,2025-04-21,1,1,2
Relaxing and Beautiful Apartments in Centre of Historical Suceava,Suceava,324.0,3,9.1,59.0,5,2025-04-16,2025-04-21,1,1,2
Exclusive Ultracentral Apartments and Studios #Enescu#Universitatii#Suceava,Suceava,348.4,3,9.4,87.0,5,2025-04-16,2025-04-21,1,1,2
Sunny Apartments Avanera Suceava 96,Suceava,252.0,3,9.1,25.0,5,2025-04-16,2025-04-21,1,1,2
Cozy Holidays in Center of Suceava Esplanada,Suceava,348.4,3,9.1,67.0,5,2025-04-16,2025-04-21,1,1,2
Deluxe Aparthotel MARWELL RESIDENCE,Suceava,840.0,4,9.8,669.0,5,2025-04-16,2025-04-21,1,1,2
visitor's house,Suceava,300.0,0,9.8,2.0,5,2025-04-16,2025-04-21,1,1,2
Cozy Aparthotel - Central City Suceava,Suceava,423.0,3,9.5,87.0,5,2025-04-16,2025-04-21,1,1,2
Unique Cozy Penthouses with Terrace and Suceava Magic View,Suceava,796.6,4,9.8,5.0,5,2025-04-16,2025-04-21,1,1,2
Hotel Residenz,Suceava,440.0,0,8.8,1.104,5,2025-04-16,2025-04-21,1,1,2
Deluxe Apartments on G Enescu Blvd near Stefan Cel Mare University Suceava,Suceava,387.0,3,9.3,94.0,5,2025-04-16,2025-04-21,1,1,2
Sunny Apartments Avanera Suceava,Suceava,259.2,3,9.5,15.0,5,2025-04-16,2025-04-21,1,1,2
Luxury Cozy Apartments - City Center Suceava,Suceava,783.0,4,9.3,85.0,5,2025-04-16,2025-04-21,1,1,2
Mandachi Hotel & SPA,Suceava,860.0,0,9.4,3.183,5,2025-04-16,2025-04-21,1,1,2
Luxury Apartments Suceava,Suceava,352.0,3,9.7,12.0,5,2025-04-16,2025-04-21,1,1,2
Marvellous Aparthotel with Master Apartments Suceava,Suceava,708.8,3,8.6,57.0,5,2025-04-16,2025-04-21,1,1,2
Sunny Central Apartments Suceava,Suceava,257.6,3,8.8,46.0,5,2025-04-16,2025-04-21,1,1,2
Danubius view apartment,Tulcea,387.2,0,8.8,0.0,5,2025-04-16,2025-04-21,1,1,2
Hotel Esplanada,Tulcea,422.0,0,8.7,550.0,5,2025-04-16,2025-04-21,1,1,2
Hotel Egreta,Tulcea,181600.0,0,7.6,671.0,5,2025-04-16,2025-04-21,1,1,2
Hotel Delta 3,Tulcea,470.0,0,8.4,1.396,5,2025-04-16,2025-04-21,1,1,2
Pensiunea Melisa,Tulcea,180000.0,0,8.4,411.0,5,2025-04-16,2025-04-21,1,1,2
Pensiunea Delta Dunarii,Tulcea,265.0,3,8.1,158.0,5,2025-04-16,2025-04-21,1,1,2
Hotel Delta 4,Tulcea,700.0,0,8.3,561.0,5,2025-04-16,2025-04-21,1,1,2
Apartament Pelican,Tulcea,400.0,3,9.1,11.0,5,2025-04-16,2025-04-21,1,1,2
Casa Selly,Tulcea,250.0,3,9.1,30.0,5,2025-04-16,2025-04-21,1,1,2
Hotel Europolis,Tulcea,455.0,0,8.6,266.0,5,2025-04-16,2025-04-21,1,1,2
Vila Alex&Razvan,Tulcea,230.0,0,8.8,148.0,5,2025-04-16,2025-04-21,1,1,2
Hotel Select,Tulcea,306.8,0,9.0,247.0,5,2025-04-16,2025-04-21,1,1,2
3-Room Delta Modern Residence,Tulcea,343.6,3,8.4,22.0,5,2025-04-16,2025-04-21,1,1,2
SJ Apartment,Tulcea,269.4,3,9.8,62.0,5,2025-04-16,2025-04-21,1,1,2
Apartament Diana,Tulcea,355.0,3,9.1,45.0,5,2025-04-16,2025-04-21,1,1,2
Hotel City,Tulcea,450.0,0,8.4,331.0,5,2025-04-16,2025-04-21,1,1,2
Apartament C5,Tulcea,194400.0,0,8.4,1.0,5,2025-04-16,2025-04-21,1,1,2
Casa Radu,Tulcea,157600.0,3,7.5,107.0,5,2025-04-16,2025-04-21,1,1,2
Casa Adelmar,Tulcea,330.0,0,9.5,68.0,5,2025-04-16,2025-04-21,1,1,2
Pensiunea Lebada,Tulcea,260.0,0,8.5,108.0,5,2025-04-16,2025-04-21,1,1,2
Hotel Corsar,Tulcea,280.0,0,7.2,82.0,5,2025-04-16,2025-04-21,1,1,2
Pensiunea Uzlina,Tulcea,500.0,0,7.3,8.0,5,2025-04-16,2025-04-21,1,1,2
Apartament de inchiriat,Tulcea,324.0,3,7.3,0.0,5,2025-04-16,2025-04-21,1,1,2
Apartament Chloe,Tulcea,346.4,3,8.2,9.0,5,2025-04-16,2025-04-21,1,1,2
Apartament Sorin,Tulcea,240.0,3,8.4,5.0,5,2025-04-16,2025-04-21,1,1,2
Iris Apartment,Piatra Neamt,336.6,3,8.4,45.0,5,2025-04-16,2025-04-21,1,1,2
Belvedere Cozla,Piatra Neamt,162000.0,3,9.0,2.0,5,2025-04-16,2025-04-21,1,1,2
Atlas Aparthotel,Piatra Neamt,471.6,0,9.7,2.038,5,2025-04-16,2025-04-21,1,1,2
Central Plaza Hotel,Piatra Neamt,410.0,0,8.8,1.773,5,2025-04-16,2025-04-21,1,1,2
Panoramic Central Apartment,Piatra Neamt,282.2,3,9.9,40.0,5,2025-04-16,2025-04-21,1,1,2
Pensiunea Red Rock,Piatra Neamt,140000.0,3,8.1,332.0,5,2025-04-16,2025-04-21,1,1,2
Pensiunea Lido,Piatra Neamt,216.0,0,9.0,609.0,5,2025-04-16,2025-04-21,1,1,2
Hotel-Restaurant Oscar,Piatra Neamt,258.0,0,9.0,1.17,5,2025-04-16,2025-04-21,1,1,2
Cazare David si familia .,Piatra Neamt,300.0,3,9.7,55.0,5,2025-04-16,2025-04-21,1,1,2
Casa Suzana,Piatra Neamt,192000.0,3,9.3,150.0,5,2025-04-16,2025-04-21,1,1,2
Apartament Ada,Piatra Neamt,220.0,3,8.3,41.0,5,2025-04-16,2025-04-21,1,1,2
Clement Apartments,Piatra Neamt,409.2,0,9.9,413.0,5,2025-04-16,2025-04-21,1,1,2
ROSE APARTMENT,Piatra Neamt,338.4,3,9.9,46.0,5,2025-04-16,2025-04-21,1,1,2
Augsburg Apart,Piatra Neamt,555.0,4,9.8,42.0,5,2025-04-16,2025-04-21,1,1,2
Dimitra,Piatra Neamt,266.0,3,9.7,12.0,5,2025-04-16,2025-04-21,1,1,2
Central Park Apartments,Piatra Neamt,445.0,3,9.2,46.0,5,2025-04-16,2025-04-21,1,1,2
White Place Tei,Piatra Neamt,297.6,3,9.9,12.0,5,2025-04-16,2025-04-21,1,1,2
"Desculti prin iarba- la 6,6 km de centrul Piatra Neamt",Piatra Neamt,694.0,3,9.9,25.0,5,2025-04-16,2025-04-21,1,1,2
Pensiunea CASA MOLDOVEANA,Piatra Neamt,385.0,0,8.7,63.0,5,2025-04-16,2025-04-21,1,1,2
Cochet Accommodation,Piatra Neamt,237.0,0,9.5,841.0,5,2025-04-16,2025-04-21,1,1,2
Haus Anne,Piatra Neamt,320.0,0,9.5,0.0,5,2025-04-16,2025-04-21,1,1,2
NARCISA,Piatra Neamt,294.8,3,9.5,118.0,5,2025-04-16,2025-04-21,1,1,2
Central Home,Piatra Neamt,305.0,3,8.7,67.0,5,2025-04-16,2025-04-21,1,1,2
4Rest Apartment,Piatra Neamt,352.0,0,8.7,3.0,5,2025-04-16,2025-04-21,1,1,2
Sarah Apartments,Piatra Neamt,475.0,3,9.7,125.0,5,2025-04-16,2025-04-21,1,1,2
Down Town Timisoara,Timisoara,162000.0,3,9.4,39.0,5,2025-04-16,2025-04-21,1,1,2
Stylish Penthouse with City View & Private Parking,Timisoara,207.0,0,9.4,0.0,5,2025-04-16,2025-04-21,1,1,2
Casa Letea,Timisoara,280.0,0,9.4,0.0,5,2025-04-16,2025-04-21,1,1,2
Savoy Hotel,Timisoara,344.6,0,8.9,1.729,5,2025-04-16,2025-04-21,1,1,2
Urban Confort II. Apartament modern si luminos Rebreanu,Timisoara,228.4,4,9.6,20.0,5,2025-04-16,2025-04-21,1,1,2
Palatul Agoston Galgon,Timisoara,280.0,0,9.6,3.0,5,2025-04-16,2025-04-21,1,1,2
Old Town Apartment on Eugeniu de Savoya street,Timisoara,246.2,3,9.8,13.0,5,2025-04-16,2025-04-21,1,1,2
Premier Luxury Lipatti by Glam Apartments,Timisoara,355.0,3,9.6,10.0,5,2025-04-16,2025-04-21,1,1,2
Do Stil Boutique Hotel,Timisoara,398.0,0,9.1,1.314,5,2025-04-16,2025-04-21,1,1,2
Hotel Silva,Timisoara,350.0,0,9.2,714.0,5,2025-04-16,2025-04-21,1,1,2
GBU Home Timisoara,Timisoara,341.0,0,9.7,1.474,5,2025-04-16,2025-04-21,1,1,2
Ultra Central Piata Libertatii Apartment,Timisoara,300.0,0,9.7,1.0,5,2025-04-16,2025-04-21,1,1,2
UNIRII OLD SQUARE APARTMENTS 4,Timisoara,355.0,3,9.8,206.0,5,2025-04-16,2025-04-21,1,1,2
Apartment Cristian 2,Timisoara,300.0,4,9.9,137.0,5,2025-04-16,2025-04-21,1,1,2
Apartament Raluca - self check-in,Timisoara,240.2,3,9.8,142.0,5,2025-04-16,2025-04-21,1,1,2
Hotel Oxford By TimHotels,Timisoara,439.0,0,8.8,1.457,5,2025-04-16,2025-04-21,1,1,2
Opera Hotel,Timisoara,804.4,0,9.1,307.0,5,2025-04-16,2025-04-21,1,1,2
Hotel Boavista,Timisoara,307.0,0,8.5,1.443,5,2025-04-16,2025-04-21,1,1,2
City South Apartments,Timisoara,185800.0,3,8.5,2.0,5,2025-04-16,2025-04-21,1,1,2
Apartment Cristian,Timisoara,270.0,3,9.9,120.0,5,2025-04-16,2025-04-21,1,1,2
Lipatti 15 Premium Apartments by GLAM APARTMENTS,Timisoara,349.6,4,8.6,89.0,5,2025-04-16,2025-04-21,1,1,2
Hotel Casa De La Rosa,Timisoara,297.0,0,9.8,56.0,5,2025-04-16,2025-04-21,1,1,2
City center flat,Timisoara,206.6,0,9.8,1.0,5,2025-04-16,2025-04-21,1,1,2
Hotel Rivo Timisoara,Timisoara,414.0,0,8.3,3.0,5,2025-04-16,2025-04-21,1,1,2
Old Town Hotel,Timisoara,637.0,0,9.0,1.41,5,2025-04-16,2025-04-21,1,1,2
Barrique Garden,Prahova,382.4,0,9.0,0.0,5,2025-04-16,2025-04-21,1,1,2
Hotel Aro Palace,Prahova,658.0,0,8.7,2.698,5,2025-04-16,2025-04-21,1,1,2
Heart of Transylvania - free parking,Prahova,342.0,0,8.7,0.0,5,2025-04-16,2025-04-21,1,1,2
Kronsmart Apartment - Cozy Fireplace and Free Parking,Prahova,338.0,0,8.7,0.0,5,2025-04-16,2025-04-21,1,1,2
Anddia Central Apartment,Prahova,217.8,0,9.3,22.0,5,2025-04-16,2025-04-21,1,1,2
Mirandis Apartments - Comfort & Private Parking Near Coresi Mall,Prahova,271.2,4,9.5,102.0,5,2025-04-16,2025-04-21,1,1,2
Grand Hotel Belvedere,Prahova,737.0,0,8.7,1.82,5,2025-04-16,2025-04-21,1,1,2
Avram Iancu Private Apartment with AC,Prahova,315.0,3,9.8,139.0,5,2025-04-16,2025-04-21,1,1,2
Hotel Kronwell,Prahova,819.4,0,9.7,2.07,5,2025-04-16,2025-04-21,1,1,2
Hotel Kolping,Prahova,499.8,0,9.3,1.791,5,2025-04-16,2025-04-21,1,1,2
Red Fountain Studio,Prahova,340.0,0,9.8,178.0,5,2025-04-16,2025-04-21,1,1,2
Hirscher Apartments,Prahova,337.4,4,9.9,207.0,5,2025-04-16,2025-04-21,1,1,2
Seek and Hide - Csilla's Tiny Hideaway,Prahova,231.4,3,9.7,70.0,5,2025-04-16,2025-04-21,1,1,2
PEAK Aparthotel - Old Town - by CityHost,Prahova,370.6,4,9.1,152.0,5,2025-04-16,2025-04-21,1,1,2
Hotel Rainer,Prahova,405.8,0,8.7,2.546,5,2025-04-16,2025-04-21,1,1,2
Montello Guest House,Prahova,428.0,4,9.8,87.0,5,2025-04-16,2025-04-21,1,1,2
Coresi Studio Inn,Prahova,252.0,4,9.7,18.0,5,2025-04-16,2025-04-21,1,1,2
Apartament Julia,Prahova,352.8,0,9.7,5.0,5,2025-04-16,2025-04-21,1,1,2
KOA - Aparthotel,Prahova,657.4,0,9.7,1.469,5,2025-04-16,2025-04-21,1,1,2
Pension Bavaria,Prahova,248.0,0,9.0,185.0,5,2025-04-16,2025-04-21,1,1,2
Belvedere,Prahova,737.0,0,8.5,1.138,5,2025-04-16,2025-04-21,1,1,2
Apart Hotel Vlad Tepes,Prahova,420.8,0,9.0,240.0,5,2025-04-16,2025-04-21,1,1,2
Relax601,Prahova,370.0,4,9.0,35.0,5,2025-04-16,2025-04-21,1,1,2
Coresi Mall Area Studios & Apartments by GLAM,Prahova,408.0,3,9.3,95.0,5,2025-04-16,2025-04-21,1,1,2
Minani Apartments,Prahova,304.6,3,9.3,28.0,5,2025-04-16,2025-04-21,1,1,2
Country Court,Mures,170200.0,0,9.1,87.0,5,2025-04-16,2025-04-21,1,1,2
Continental Forum Tirgu Mures,Mures,280.6,0,8.6,1.706,5,2025-04-16,2025-04-21,1,1,2
Grand Hotel,Mures,380.8,0,9.2,2.489,5,2025-04-16,2025-04-21,1,1,2
MediLux Residence,Mures,220.8,3,9.9,26.0,5,2025-04-16,2025-04-21,1,1,2
Pensiunea El Passo Targu Mures,Mures,180000.0,3,8.7,436.0,5,2025-04-16,2025-04-21,1,1,2
Happy Home,Mures,252.6,4,8.7,59.0,5,2025-04-16,2025-04-21,1,1,2
ART Apartment,Mures,239.2,3,9.3,104.0,5,2025-04-16,2025-04-21,1,1,2
Reny's Studio Apartments -Hiperbara,Mures,256.2,3,9.8,56.0,5,2025-04-16,2025-04-21,1,1,2
Green Apartman,Mures,151800.0,3,9.4,83.0,5,2025-04-16,2025-04-21,1,1,2
C&C apartamente,Mures,191200.0,0,9.4,0.0,5,2025-04-16,2025-04-21,1,1,2
Pensiunea Select Central,Mures,270.0,0,8.9,672.0,5,2025-04-16,2025-04-21,1,1,2
HOTEL CIAO,Mures,302.6,0,7.4,78.0,5,2025-04-16,2025-04-21,1,1,2
Stars Livezeni,Mures,193200.0,0,9.5,75.0,5,2025-04-16,2025-04-21,1,1,2
Pensiunea Comfort,Mures,333.0,3,9.7,386.0,5,2025-04-16,2025-04-21,1,1,2
Vila El Passo,Mures,250.0,3,9.1,134.0,5,2025-04-16,2025-04-21,1,1,2
Cozy Glen,Mures,288.2,3,9.9,37.0,5,2025-04-16,2025-04-21,1,1,2
Eszter Panzió,Mures,131600.0,3,8.0,124.0,5,2025-04-16,2025-04-21,1,1,2
Pensiunea Sovirag,Mures,244.8,0,9.7,57.0,5,2025-04-16,2025-04-21,1,1,2
Concept Apartments Budiului 42,Mures,285.0,3,9.4,456.0,5,2025-04-16,2025-04-21,1,1,2
Vila Silvia,Mures,492.2,0,9.7,318.0,5,2025-04-16,2025-04-21,1,1,2
Green Heaven,Mures,164000.0,0,9.7,1.0,5,2025-04-16,2025-04-21,1,1,2
Cristal de Sare,Mures,246.0,3,9.4,27.0,5,2025-04-16,2025-04-21,1,1,2
Hotel Restaurant Alesia,Mures,200.0,0,8.0,260.0,5,2025-04-16,2025-04-21,1,1,2
Apartament BriFla Comfort Mureș,Mures,207.0,3,9.6,76.0,5,2025-04-16,2025-04-21,1,1,2
Hotel Concordia,Mures,704.8,0,8.5,1.365,5,2025-04-16,2025-04-21,1,1,2
Apartament City Central,Constanta,286.0,3,9.7,17.0,5,2025-04-16,2025-04-21,1,1,2
Casă de închiriat,Constanta,199000.0,0,9.7,0.0,5,2025-04-16,2025-04-21,1,1,2
Residence in central area,Constanta,199000.0,0,9.7,0.0,5,2025-04-16,2025-04-21,1,1,2
Residence in central area,Constanta,229.4,0,9.7,0.0,5,2025-04-16,2025-04-21,1,1,2
Hotel Megalos,Constanta,380.8,0,8.2,1.513,5,2025-04-16,2025-04-21,1,1,2
Hai la PLAJA!,Constanta,500.0,0,9.9,10.0,5,2025-04-16,2025-04-21,1,1,2
sicanT Apartments - Self Check-in,Constanta,299.8,0,9.5,55.0,5,2025-04-16,2025-04-21,1,1,2
Rezident Tomis Marina,Constanta,576.0,4,9.7,815.0,5,2025-04-16,2025-04-21,1,1,2
Continental Forum Constanta,Constanta,432.2,0,8.9,2.289,5,2025-04-16,2025-04-21,1,1,2
Apartament cu 2 camere situat la 5 minute de statiunea mamaia,Constanta,170000.0,3,8.8,60.0,5,2025-04-16,2025-04-21,1,1,2
Urban Waves by the Sea,Constanta,369.0,0,8.8,0.0,5,2025-04-16,2025-04-21,1,1,2
Apartament Bella,Constanta,456.0,3,9.6,62.0,5,2025-04-16,2025-04-21,1,1,2
Voila Inn,Constanta,378.0,0,8.3,930.0,5,2025-04-16,2025-04-21,1,1,2
Sophia Apartament,Constanta,252.0,3,8.2,84.0,5,2025-04-16,2025-04-21,1,1,2
Vila Il Castello,Constanta,167000.0,3,7.4,561.0,5,2025-04-16,2025-04-21,1,1,2
Curtea Brancovenească,Constanta,240.0,0,8.3,332.0,5,2025-04-16,2025-04-21,1,1,2
Hotel Cherica,Constanta,592.0,0,9.4,832.0,5,2025-04-16,2025-04-21,1,1,2
NK47 Apartment,Constanta,222.8,3,9.9,36.0,5,2025-04-16,2025-04-21,1,1,2
Aparthotel Nevada - Apartamente,Constanta,353.2,3,8.8,357.0,5,2025-04-16,2025-04-21,1,1,2
Sara Boutique Villa,Constanta,270.0,3,9.0,221.0,5,2025-04-16,2025-04-21,1,1,2
Rosetti One,Constanta,872.0,4,9.8,107.0,5,2025-04-16,2025-04-21,1,1,2
Vila Boss,Constanta,150000.0,0,8.5,67.0,5,2025-04-16,2025-04-21,1,1,2
JMR Royal,Constanta,532.8,0,9.4,925.0,5,2025-04-16,2025-04-21,1,1,2
Ama Boutique,Constanta,243.6,0,9.4,7.0,5,2025-04-16,2025-04-21,1,1,2
Downtown Breeze,Constanta,576.2,4,9.4,11.0,5,2025-04-16,2025-04-21,1,1,2
Apartament City Central,Constanta,250000.0,3,9.7,17.0,2,2025-04-25,2025-04-27,1,1,2
Apartament 2 camere,Constanta,150000.0,3,8.6,37.0,2,2025-04-25,2025-04-27,1,1,2
Continental Forum Constanta,Constanta,368500.0,0,8.9,2.289,2,2025-04-25,2025-04-27,1,1,2
Sara Boutique Villa,Constanta,230000.0,3,9.0,221.0,2,2025-04-25,2025-04-27,1,1,2
Casă de închiriat,Constanta,199000.0,0,9.0,0.0,2,2025-04-25,2025-04-27,1,1,2
Residence in central area,Constanta,199000.0,0,9.0,0.0,2,2025-04-25,2025-04-27,1,1,2
Residence in central area,Constanta,229500.0,0,9.0,0.0,2,2025-04-25,2025-04-27,1,1,2
Casa David,Constanta,130000.0,3,9.3,555.0,2,2025-04-25,2025-04-27,1,1,2
Apartament Bella,Constanta,300000.0,3,9.6,62.0,2,2025-04-25,2025-04-27,1,1,2
Sophia Apartament,Constanta,220000.0,3,8.2,84.0,2,2025-04-25,2025-04-27,1,1,2
Hotel Megalos,Constanta,369500.0,0,8.2,1.513,2,2025-04-25,2025-04-27,1,1,2
Maritimo ApartHotel,Constanta,446500.0,4,9.2,2.195,2,2025-04-25,2025-04-27,1,1,2
Peninsula Boutique Hotel,Constanta,360500.0,0,8.7,620.0,2,2025-04-25,2025-04-27,1,1,2
Voila Inn,Constanta,350000.0,0,8.3,930.0,2,2025-04-25,2025-04-27,1,1,2
Bella Villa,Constanta,263000.0,3,9.0,111.0,2,2025-04-25,2025-04-27,1,1,2
Hotel Ten Constanta,Constanta,504.5,0,8.6,1.253,2,2025-04-25,2025-04-27,1,1,2
Vila Il Castello,Constanta,167000.0,3,7.4,561.0,2,2025-04-25,2025-04-27,1,1,2
VD Apartament 2,Constanta,230000.0,3,9.8,46.0,2,2025-04-25,2025-04-27,1,1,2
Apartament Neversea,Constanta,336500.0,0,9.8,0.0,2,2025-04-25,2025-04-27,1,1,2
Curtea Brancovenească,Constanta,240000.0,0,8.3,332.0,2,2025-04-25,2025-04-27,1,1,2
Ama Boutique,Constanta,243500.0,0,8.3,7.0,2,2025-04-25,2025-04-27,1,1,2
Vila Boss,Constanta,150000.0,0,8.5,67.0,2,2025-04-25,2025-04-27,1,1,2
Starshine Spectrum Residence,Constanta,441500.0,4,9.9,8.0,2,2025-04-25,2025-04-27,1,1,2
Apartment Central,Constanta,225000.0,3,9.4,106.0,2,2025-04-25,2025-04-27,1,1,2
Apartament Rema,Constanta,230000.0,3,8.9,57.0,2,2025-04-25,2025-04-27,1,1,2
Hotel Aro Palace,Brasov,658.0,0,8.7,2.698,2,2025-04-25,2025-04-27,1,1,2
Grand Hotel Belvedere,Brasov,673.0,0,8.7,1.82,2,2025-04-25,2025-04-27,1,1,2
Hotel Kolping,Brasov,465500.0,0,9.3,1.791,2,2025-04-25,2025-04-27,1,1,2
Zinne Apartments,Brasov,270000.0,3,9.5,278.0,2,2025-04-25,2025-04-27,1,1,2
Friendly little studio,Brasov,241000.0,0,9.0,73.0,2,2025-04-25,2025-04-27,1,1,2
Red Fountain Studio,Brasov,330000.0,0,9.8,178.0,2,2025-04-25,2025-04-27,1,1,2
Piata's Hidden Apartment,Brasov,305000.0,3,9.4,47.0,2,2025-04-25,2025-04-27,1,1,2
Duplex Alexander,Brasov,350000.0,3,9.5,76.0,2,2025-04-25,2025-04-27,1,1,2
Cozy attic studio,Brasov,221000.0,3,9.7,84.0,2,2025-04-25,2025-04-27,1,1,2
Apartment SOFIA,Brasov,465000.0,3,9.9,60.0,2,2025-04-25,2025-04-27,1,1,2
B&M Apartment,Brasov,207000.0,3,9.6,184.0,2,2025-04-25,2025-04-27,1,1,2
Hirscher Apartments,Brasov,337500.0,4,9.9,207.0,2,2025-04-25,2025-04-27,1,1,2
Studio Montaldo,Brasov,395000.0,4,9.7,55.0,2,2025-04-25,2025-04-27,1,1,2
"Angels' Nest - Old City, Studio",Brasov,262500.0,3,9.9,12.0,2,2025-04-25,2025-04-27,1,1,2
MER Guest House B&B,Brasov,403500.0,4,9.5,1.331,2,2025-04-25,2025-04-27,1,1,2
Victoriei Boulevard Private Apartment,Brasov,350000.0,3,9.7,84.0,2,2025-04-25,2025-04-27,1,1,2
Stylish Retreat With a View in Coresi-Qualis,Brasov,362500.0,4,9.9,40.0,2,2025-04-25,2025-04-27,1,1,2
A&T CentralApartment-FreeParking,Brasov,339000.0,4,9.5,14.0,2,2025-04-25,2025-04-27,1,1,2
Happy Family,Brasov,322500.0,4,9.4,151.0,2,2025-04-25,2025-04-27,1,1,2
Casa Witting,Brasov,330000.0,3,9.6,245.0,2,2025-04-25,2025-04-27,1,1,2
Cozy Luxury Apartments - Coresi Mall #Brasov,Brasov,386000.0,4,9.1,209.0,2,2025-04-25,2025-04-27,1,1,2
Home Max Apartments,Brasov,480000.0,4,9.1,28.0,2,2025-04-25,2025-04-27,1,1,2
Apartment Casa Friedrich Czell,Brasov,450000.0,3,9.5,128.0,2,2025-04-25,2025-04-27,1,1,2
Springhome - Cozy Apartment with Balcony & Parking,Brasov,346000.0,4,9.9,12.0,2,2025-04-25,2025-04-27,1,1,2
Studio 5 Brasov,Brasov,289000.0,3,9.7,115.0,2,2025-04-25,2025-04-27,1,1,2
H11 Downtown Apartments,Mures,251000.0,3,9.6,844.0,2,2025-04-25,2025-04-27,1,1,2
Hampton By Hilton Targu Mures,Mures,299500.0,0,9.4,590.0,2,2025-04-25,2025-04-27,1,1,2
Casa Lily - Japanese Retreat,Mures,170000.0,3,9.5,936.0,2,2025-04-25,2025-04-27,1,1,2
Country Court,Mures,185000.0,0,9.1,87.0,2,2025-04-25,2025-04-27,1,1,2
Hotel Everest,Mures,225000.0,0,8.8,891.0,2,2025-04-25,2025-04-27,1,1,2
Hunter Vip,Mures,270000.0,3,9.6,512.0,2,2025-04-25,2025-04-27,1,1,2
Continental Forum Tirgu Mures,Mures,320000.0,0,8.6,1.706,2,2025-04-25,2025-04-27,1,1,2
DoubleTree by Hilton Hotel Sighisoara - Cavaler,Mures,428000.0,0,7.9,2.251,2,2025-04-25,2025-04-27,1,1,2
Pensiunea El Passo Targu Mures,Mures,180000.0,3,8.7,436.0,2,2025-04-25,2025-04-27,1,1,2
Hotel Casa Wagner,Mures,312000.0,0,8.6,2.726,2,2025-04-25,2025-04-27,1,1,2
Casa Agnes Vendeghaz,Mures,199000.0,0,7.7,88.0,2,2025-04-25,2025-04-27,1,1,2
Wanderer Sighisoara,Mures,606.0,0,9.6,348.0,2,2025-04-25,2025-04-27,1,1,2
Hotel Concordia,Mures,501.5,0,8.5,1.365,2,2025-04-25,2025-04-27,1,1,2
Reny's Studio Apartments -Hiperbara,Mures,278500.0,3,9.8,56.0,2,2025-04-25,2025-04-27,1,1,2
Pensiunea Select Central,Mures,270000.0,0,8.9,672.0,2,2025-04-25,2025-04-27,1,1,2
HOTEL AGORA Mures,Mures,390000.0,0,9.6,340.0,2,2025-04-25,2025-04-27,1,1,2
Happy Home,Mures,272000.0,4,9.6,59.0,2,2025-04-25,2025-04-27,1,1,2
Vila Noblesse,Mures,495000.0,0,9.3,2.076,2,2025-04-25,2025-04-27,1,1,2
Stars Livezeni,Mures,185000.0,0,9.5,75.0,2,2025-04-25,2025-04-27,1,1,2
Pensiunea Gasthaus Alte Post,Mures,490000.0,0,9.2,1.362,2,2025-04-25,2025-04-27,1,1,2
Hotel Villa Franca,Mures,322000.0,0,8.8,1.002,2,2025-04-25,2025-04-27,1,1,2
ART Apartment,Mures,260000.0,3,9.3,104.0,2,2025-04-25,2025-04-27,1,1,2
Pension Bella Vista,Mures,283000.0,0,9.0,843.0,2,2025-04-25,2025-04-27,1,1,2
Vila El Passo,Mures,250000.0,3,9.1,134.0,2,2025-04-25,2025-04-27,1,1,2
HOTEL CIAO,Mures,329000.0,0,7.4,78.0,2,2025-04-25,2025-04-27,1,1,2
Grand Hotel Belvedere,Prahova,673.0,0,8.7,1.82,2,2025-04-25,2025-04-27,1,1,2
Zinne Apartments,Prahova,270000.0,3,9.5,278.0,2,2025-04-25,2025-04-27,1,1,2
Friendly little studio,Prahova,241000.0,0,9.0,73.0,2,2025-04-25,2025-04-27,1,1,2
Red Fountain Studio,Prahova,330000.0,0,9.8,178.0,2,2025-04-25,2025-04-27,1,1,2
Hotel Aro Palace,Prahova,658.0,0,8.7,2.698,2,2025-04-25,2025-04-27,1,1,2
Piata's Hidden Apartment,Prahova,305000.0,3,9.4,47.0,2,2025-04-25,2025-04-27,1,1,2
Duplex Alexander,Prahova,350000.0,3,9.5,76.0,2,2025-04-25,2025-04-27,1,1,2
Cozy attic studio,Prahova,221000.0,3,9.7,84.0,2,2025-04-25,2025-04-27,1,1,2
Apartment SOFIA,Prahova,465000.0,3,9.9,60.0,2,2025-04-25,2025-04-27,1,1,2
B&M Apartment,Prahova,207000.0,3,9.6,184.0,2,2025-04-25,2025-04-27,1,1,2
Hirscher Apartments,Prahova,337500.0,4,9.9,207.0,2,2025-04-25,2025-04-27,1,1,2
Studio Montaldo,Prahova,395000.0,4,9.7,55.0,2,2025-04-25,2025-04-27,1,1,2
"Angels' Nest - Old City, Studio",Prahova,262500.0,3,9.9,12.0,2,2025-04-25,2025-04-27,1,1,2
Epic rooms,Prahova,262500.0,3,9.4,98.0,2,2025-04-25,2025-04-27,1,1,2
MER Guest House B&B,Prahova,403500.0,4,9.5,1.331,2,2025-04-25,2025-04-27,1,1,2
Victoriei Boulevard Private Apartment,Prahova,350000.0,3,9.7,84.0,2,2025-04-25,2025-04-27,1,1,2
Stylish Retreat With a View in Coresi-Qualis,Prahova,362500.0,4,9.9,40.0,2,2025-04-25,2025-04-27,1,1,2
Garden Hideout - Central Apartment,Prahova,273000.0,0,9.6,223.0,2,2025-04-25,2025-04-27,1,1,2
Coroni Seasons Apart,Prahova,430000.0,4,9.0,73.0,2,2025-04-25,2025-04-27,1,1,2
A&T CentralApartment-FreeParking,Prahova,339000.0,4,9.5,14.0,2,2025-04-25,2025-04-27,1,1,2
Happy Family,Prahova,322500.0,4,9.4,151.0,2,2025-04-25,2025-04-27,1,1,2
Hotel Kolping,Prahova,465500.0,0,9.3,1.791,2,2025-04-25,2025-04-27,1,1,2
Casa Witting,Prahova,330000.0,3,9.6,245.0,2,2025-04-25,2025-04-27,1,1,2
Cozy Luxury Apartments - Coresi Mall #Brasov,Prahova,386000.0,4,9.1,209.0,2,2025-04-25,2025-04-27,1,1,2
Home Max Apartments,Prahova,480000.0,4,9.1,28.0,2,2025-04-25,2025-04-27,1,1,2
Hotel Sonnenhof,Suceava,570.0,0,9.4,1.362,2,2025-04-25,2025-04-27,1,1,2
Zlata Rezidential Home,Suceava,261000.0,4,9.6,10.0,2,2025-04-25,2025-04-27,1,1,2
Luxury Sunny Apartments near City Center Suceava,Suceava,247500.0,3,9.2,66.0,2,2025-04-25,2025-04-27,1,1,2
Alina,Suceava,135000.0,0,9.2,0.0,2,2025-04-25,2025-04-27,1,1,2
MyContinental Suceava,Suceava,385000.0,0,8.9,3.697,2,2025-04-25,2025-04-27,1,1,2
Cozy ApartHotel K Suceava,Suceava,279000.0,3,9.3,349.0,2,2025-04-25,2025-04-27,1,1,2
Luxury Towers Apartments Parking included,Suceava,339500.0,3,9.9,46.0,2,2025-04-25,2025-04-27,1,1,2
Luxury Apartments with 1&2 Bedroom with Parking,Suceava,339500.0,3,9.6,28.0,2,2025-04-25,2025-04-27,1,1,2
Casa Bucovineana,Suceava,459000.0,0,9.2,1.342,2,2025-04-25,2025-04-27,1,1,2
Relaxing and Beautiful Apartments in Centre of Historical Suceava,Suceava,279000.0,3,9.1,59.0,2,2025-04-25,2025-04-27,1,1,2
Deluxe Aparthotel MARWELL RESIDENCE,Suceava,513.5,4,9.8,669.0,2,2025-04-25,2025-04-27,1,1,2
Exclusive Ultracentral Apartments and Studios #Enescu#Universitatii#Suceava,Suceava,279000.0,3,9.4,87.0,2,2025-04-25,2025-04-27,1,1,2
Rapsodia Pension,Suceava,250000.0,0,8.7,326.0,2,2025-04-25,2025-04-27,1,1,2
Sunny Apartments Avanera Suceava 96,Suceava,252000.0,3,9.1,25.0,2,2025-04-25,2025-04-27,1,1,2
Hugo's Apartment,Suceava,319000.0,3,9.1,11.0,2,2025-04-25,2025-04-27,1,1,2
Luxury Cozy Apartments - City Center Suceava,Suceava,378000.0,4,9.3,85.0,2,2025-04-25,2025-04-27,1,1,2
Cozy Aparthotel - Central City Suceava,Suceava,315000.0,3,9.5,87.0,2,2025-04-25,2025-04-27,1,1,2
Mandachi Hotel & SPA,Suceava,860.0,0,9.4,3.183,2,2025-04-25,2025-04-27,1,1,2
Deluxe Apartments on G Enescu Blvd near Stefan Cel Mare University Suceava,Suceava,310000.0,3,9.3,94.0,2,2025-04-25,2025-04-27,1,1,2
Travelers Rezidential Home,Suceava,308000.0,3,9.5,8.0,2,2025-04-25,2025-04-27,1,1,2
Pensiunea Meteora,Suceava,298000.0,0,8.3,190.0,2,2025-04-25,2025-04-27,1,1,2
visitor's house,Suceava,300000.0,0,8.3,2.0,2,2025-04-25,2025-04-27,1,1,2
Nordic,Suceava,335500.0,3,9.7,51.0,2,2025-04-25,2025-04-27,1,1,2
Nordic Residence 59,Suceava,297000.0,3,9.3,39.0,2,2025-04-25,2025-04-27,1,1,2
ASE Premium Apartament,Suceava,250000.0,0,9.3,3.0,2,2025-04-25,2025-04-27,1,1,2
Pensiunea Melisa,Tulcea,180000.0,0,8.4,411.0,2,2025-04-25,2025-04-27,1,1,2
Danubius view apartment,Tulcea,387000.0,0,8.4,0.0,2,2025-04-25,2025-04-27,1,1,2
Pensiunea Delta Dunarii,Tulcea,265000.0,3,8.1,158.0,2,2025-04-25,2025-04-27,1,1,2
Hotel Egreta,Tulcea,181500.0,0,7.6,671.0,2,2025-04-25,2025-04-27,1,1,2
Hotel Delta 3,Tulcea,630.0,0,8.4,1.396,2,2025-04-25,2025-04-27,1,1,2
Casa Selly,Tulcea,250000.0,3,9.1,30.0,2,2025-04-25,2025-04-27,1,1,2
SJ Apartment,Tulcea,283500.0,3,9.8,62.0,2,2025-04-25,2025-04-27,1,1,2
3-Room Delta Modern Residence,Tulcea,343500.0,3,8.4,22.0,2,2025-04-25,2025-04-27,1,1,2
Pensiunea Casa Varvara,Tulcea,675.0,0,9.6,24.0,2,2025-04-25,2025-04-27,1,1,2
Pensiunea Lebada,Tulcea,260000.0,0,8.5,108.0,2,2025-04-25,2025-04-27,1,1,2
Casa Radu,Tulcea,157500.0,3,7.5,107.0,2,2025-04-25,2025-04-27,1,1,2
Apartament Diana,Tulcea,380000.0,3,9.1,45.0,2,2025-04-25,2025-04-27,1,1,2
Casa Adelmar,Tulcea,330000.0,0,9.5,68.0,2,2025-04-25,2025-04-27,1,1,2
Hotel Corsar,Tulcea,280000.0,0,7.2,82.0,2,2025-04-25,2025-04-27,1,1,2
Pensiunea Uzlina,Tulcea,500.0,0,7.3,8.0,2,2025-04-25,2025-04-27,1,1,2
"Casa Vera, Tudor Vladimirescu",Tulcea,300000.0,0,9.8,25.0,2,2025-04-25,2025-04-27,1,1,2
Apartament de inchiriat,Tulcea,324000.0,3,9.8,0.0,2,2025-04-25,2025-04-27,1,1,2
PENSIUNEA AGROTURISTICĂ ANGHELIKI,Tulcea,150000.0,0,9.0,49.0,2,2025-04-25,2025-04-27,1,1,2
Apartament Chloe,Tulcea,346500.0,3,8.2,9.0,2,2025-04-25,2025-04-27,1,1,2
Apartament Sorin,Tulcea,240000.0,3,8.4,5.0,2,2025-04-25,2025-04-27,1,1,2
Diana Sunshine Apartment,Tulcea,405000.0,3,9.7,43.0,2,2025-04-25,2025-04-27,1,1,2
Apartament BelleView,Tulcea,480000.0,3,9.8,27.0,2,2025-04-25,2025-04-27,1,1,2
Casa Octavia,Tulcea,140000.0,0,9.8,0.0,2,2025-04-25,2025-04-27,1,1,2
Vila DARI,Tulcea,432000.0,0,9.8,0.0,2,2025-04-25,2025-04-27,1,1,2
Casă de vacanță la Nea Nicu Murighiol,Tulcea,250000.0,0,9.8,20.0,2,2025-04-25,2025-04-27,1,1,2
Uve Residence & Spa,Piatra Neamt,350000.0,3,9.7,107.0,2,2025-04-25,2025-04-27,1,1,2
Iris Apartment,Piatra Neamt,268000.0,3,9.7,45.0,2,2025-04-25,2025-04-27,1,1,2
Central Plaza Hotel,Piatra Neamt,388000.0,0,8.8,1.773,2,2025-04-25,2025-04-27,1,1,2
RG Garsoniera Central,Piatra Neamt,198000.0,3,9.6,42.0,2,2025-04-25,2025-04-27,1,1,2
Atlas Aparthotel,Piatra Neamt,480000.0,0,9.7,2.038,2,2025-04-25,2025-04-27,1,1,2
Pensiunea Lido,Piatra Neamt,207500.0,0,9.0,609.0,2,2025-04-25,2025-04-27,1,1,2
ROSE APARTMENT,Piatra Neamt,252000.0,3,9.9,46.0,2,2025-04-25,2025-04-27,1,1,2
Apartament Central,Piatra Neamt,277000.0,0,9.5,120.0,2,2025-04-25,2025-04-27,1,1,2
Pensiunea Red Rock,Piatra Neamt,116000.0,3,8.1,332.0,2,2025-04-25,2025-04-27,1,1,2
Hotel-Restaurant Oscar,Piatra Neamt,250000.0,0,9.0,1.17,2,2025-04-25,2025-04-27,1,1,2
Panoramic Central Apartment,Piatra Neamt,282000.0,3,9.9,40.0,2,2025-04-25,2025-04-27,1,1,2
Petrodava ONE,Piatra Neamt,356000.0,0,8.9,1.063,2,2025-04-25,2025-04-27,1,1,2
Scandinavia Apartment 1,Piatra Neamt,272000.0,3,8.6,104.0,2,2025-04-25,2025-04-27,1,1,2
Durau Residence,Piatra Neamt,379500.0,3,9.7,304.0,2,2025-04-25,2025-04-27,1,1,2
Scandinavia Apartment 2,Piatra Neamt,402500.0,3,9.0,44.0,2,2025-04-25,2025-04-27,1,1,2
Smart Apartament,Piatra Neamt,386000.0,3,9.7,77.0,2,2025-04-25,2025-04-27,1,1,2
CentraLuxury,Piatra Neamt,378000.0,3,9.7,1.0,2,2025-04-25,2025-04-27,1,1,2
Casa Suzana 2 camere,Piatra Neamt,220000.0,0,9.3,23.0,2,2025-04-25,2025-04-27,1,1,2
Casa TaMi,Piatra Neamt,500.0,4,9.7,16.0,2,2025-04-25,2025-04-27,1,1,2
Central Park Apartments,Piatra Neamt,350000.0,3,9.2,46.0,2,2025-04-25,2025-04-27,1,1,2
NOIA Caban,Piatra Neamt,490000.0,3,9.8,91.0,2,2025-04-25,2025-04-27,1,1,2
Tei Residence,Piatra Neamt,369000.0,3,9.9,63.0,2,2025-04-25,2025-04-27,1,1,2
Casa Irina,Piatra Neamt,851.5,4,9.6,19.0,2,2025-04-25,2025-04-27,1,1,2
Scandinavia Apartament,Piatra Neamt,443000.0,3,9.1,77.0,2,2025-04-25,2025-04-27,1,1,2
Apartament Luna,Piatra Neamt,210000.0,3,8.8,41.0,2,2025-04-25,2025-04-27,1,1,2
Savoy Hotel,Timisoara,344500.0,0,8.9,1.729,2,2025-04-25,2025-04-27,1,1,2
Hotel Silva,Timisoara,350000.0,0,9.2,714.0,2,2025-04-25,2025-04-27,1,1,2
Casa Palace,Timisoara,193500.0,0,7.8,1.872,2,2025-04-25,2025-04-27,1,1,2
Do Stil Boutique Hotel,Timisoara,398000.0,0,9.1,1.314,2,2025-04-25,2025-04-27,1,1,2
GBU Home Timisoara,Timisoara,346500.0,0,9.7,1.476,2,2025-04-25,2025-04-27,1,1,2
Palatul Agoston Galgon,Timisoara,280000.0,0,9.7,3.0,2,2025-04-25,2025-04-27,1,1,2
"Perfect, relaxing and cozy apartment",Timisoara,275500.0,3,9.3,39.0,2,2025-04-25,2025-04-27,1,1,2
Urban Confort II. Apartament modern si luminos Rebreanu,Timisoara,228500.0,4,9.6,20.0,2,2025-04-25,2025-04-27,1,1,2
Rox Central Apartments 4,Timisoara,499000.0,3,9.9,46.0,2,2025-04-25,2025-04-27,1,1,2
Flora Residence,Timisoara,325000.0,3,9.5,119.0,2,2025-04-25,2025-04-27,1,1,2
Stylish Penthouse with City View & Private Parking,Timisoara,207000.0,0,9.5,0.0,2,2025-04-25,2025-04-27,1,1,2
Peaceful Victory Square Home,Timisoara,360000.0,3,9.6,26.0,2,2025-04-25,2025-04-27,1,1,2
UNIRII OLD SQUARE APARTMENTS 4,Timisoara,355000.0,3,9.8,206.0,2,2025-04-25,2025-04-27,1,1,2
Hotel Boavista,Timisoara,307000.0,0,8.5,1.443,2,2025-04-25,2025-04-27,1,1,2
Casa Letea,Timisoara,280000.0,0,8.5,0.0,2,2025-04-25,2025-04-27,1,1,2
Georgiana Apartments,Timisoara,256500.0,4,8.8,828.0,2,2025-04-25,2025-04-27,1,1,2
Central Station Apartament with self check-in,Timisoara,280500.0,3,9.7,41.0,2,2025-04-25,2025-04-27,1,1,2
Hotel Rivo Timisoara,Timisoara,450000.0,0,8.3,3.0,2,2025-04-25,2025-04-27,1,1,2
Cozy Apartment in the Historical City Center,Timisoara,300000.0,3,9.8,60.0,2,2025-04-25,2025-04-27,1,1,2
Hotel President By TimHotels,Timisoara,480000.0,0,9.1,1.305,2,2025-04-25,2025-04-27,1,1,2
Piata Victoriei,Timisoara,315000.0,0,9.4,7.0,2,2025-04-25,2025-04-27,1,1,2
Premier Luxury Lipatti by Glam Apartments,Timisoara,364000.0,3,9.6,10.0,2,2025-04-25,2025-04-27,1,1,2
City South Apartments,Timisoara,185500.0,3,9.6,2.0,2,2025-04-25,2025-04-27,1,1,2
Boca Boutique Hotel,Timisoara,360000.0,0,8.9,676.0,2,2025-04-25,2025-04-27,1,1,2
Apartment Cristian 2,Timisoara,300000.0,4,9.9,137.0,2,2025-04-25,2025-04-27,1,1,2
Palas Retreat - Q Residence,Iasi,250000.0,3,9.6,17.0,2,2025-04-25,2025-04-27,1,1,2
Q Royal Apartment - Palas Center,Iasi,195000.0,3,9.4,60.0,2,2025-04-25,2025-04-27,1,1,2
Q Room Apartment - Palas Center,Iasi,200000.0,3,9.0,77.0,2,2025-04-25,2025-04-27,1,1,2
Piata Unirii Central Apartments,Iasi,433000.0,4,9.5,5.631,2,2025-04-25,2025-04-27,1,1,2
Hampton By Hilton Iasi,Iasi,549.5,0,8.7,3.133,2,2025-04-25,2025-04-27,1,1,2
Center Apartments,Iasi,225000.0,3,9.7,395.0,2,2025-04-25,2025-04-27,1,1,2
Simona Apartament Palas Mall,Iasi,254000.0,3,9.8,169.0,2,2025-04-25,2025-04-27,1,1,2
Casa cu Bolta,Iasi,272500.0,3,9.7,17.0,2,2025-04-25,2025-04-27,1,1,2
Bucium Motel & SPA,Iasi,450000.0,0,8.9,1.088,2,2025-04-25,2025-04-27,1,1,2
Simona Apartament Iulius Mall,Iasi,250000.0,4,9.7,152.0,2,2025-04-25,2025-04-27,1,1,2
Perfect Host Palas,Iasi,239500.0,4,9.8,130.0,2,2025-04-25,2025-04-27,1,1,2
Relax Home apartments,Iasi,253000.0,3,9.8,0.0,2,2025-04-25,2025-04-27,1,1,2
LUXURY Cozy Apartments and Studios Palas Mall Iasi,Iasi,405000.0,4,9.1,621.0,2,2025-04-25,2025-04-27,1,1,2
Downtown Suites - Piata Unirii,Iasi,199000.0,3,9.5,4.0,2,2025-04-25,2025-04-27,1,1,2
TOD APARTMENTS Palas Mall,Iasi,313500.0,4,9.4,250.0,2,2025-04-25,2025-04-27,1,1,2
Cozy apartament,Iasi,215000.0,3,9.5,2.0,2,2025-04-25,2025-04-27,1,1,2
Newton Apartments near City Center,Iasi,225000.0,0,9.0,2.0,2,2025-04-25,2025-04-27,1,1,2
Apartament 3 camere Palas,Iasi,344000.0,4,9.0,172.0,2,2025-04-25,2025-04-27,1,1,2
Amazing Cozy and Lovely Studios and Apartments Q Residence Iasi,Iasi,432000.0,4,9.0,176.0,2,2025-04-25,2025-04-27,1,1,2
Stefan Apart Iași centru Palas,Iasi,227000.0,3,9.6,70.0,2,2025-04-25,2025-04-27,1,1,2
"Carla's apartment, airport & train station shuttle",Iasi,260000.0,3,9.7,175.0,2,2025-04-25,2025-04-27,1,1,2
Ela Home Concept Residence,Iasi,231000.0,3,9.7,23.0,2,2025-04-25,2025-04-27,1,1,2
Sweet Home Iulius Mall,Iasi,250000.0,3,9.7,0.0,2,2025-04-25,2025-04-27,1,1,2
Iassium Residence Iasi,Iasi,375500.0,3,8.9,1.025,2,2025-04-25,2025-04-27,1,1,2
Rivera Apartments - Premium Accomodation,Iasi,450000.0,4,9.0,549.0,2,2025-04-25,2025-04-27,1,1,2
The Village Pension,Maramures,373500.0,0,9.8,104.0,2,2025-04-25,2025-04-27,1,1,2
Pensiunea Ana,Maramures,455000.0,0,9.5,59.0,2,2025-04-25,2025-04-27,1,1,2
Pensiunea Casa Mariuca,Maramures,200000.0,0,9.4,26.0,2,2025-04-25,2025-04-27,1,1,2
The NEST,Maramures,318500.0,3,9.8,38.0,2,2025-04-25,2025-04-27,1,1,2
Pensiunea Magnolia,Maramures,172000.0,3,9.1,132.0,2,2025-04-25,2025-04-27,1,1,2
Adventure Lake Resort - Simared,Maramures,550.0,0,9.2,292.0,2,2025-04-25,2025-04-27,1,1,2
Pension Agnes,Maramures,290000.0,3,9.6,427.0,2,2025-04-25,2025-04-27,1,1,2
Green Garden,Maramures,371000.0,3,9.9,79.0,2,2025-04-25,2025-04-27,1,1,2
Podina Resort Hotel & Spa,Maramures,545.0,0,9.3,390.0,2,2025-04-25,2025-04-27,1,1,2
Pensiunea OK,Maramures,200000.0,0,9.2,202.0,2,2025-04-25,2025-04-27,1,1,2
Casa La Bella Vista,Maramures,210000.0,0,9.8,47.0,2,2025-04-25,2025-04-27,1,1,2
Vila FAN Confort,Maramures,200000.0,0,9.1,318.0,2,2025-04-25,2025-04-27,1,1,2
Big family Apartment in Breb's Cosy Barn,Maramures,501.0,3,9.7,28.0,2,2025-04-25,2025-04-27,1,1,2
Zestrea Maramureșului Săpânța,Maramures,290500.0,0,9.7,7.0,2,2025-04-25,2025-04-27,1,1,2
Pensiunea Lido Moisei,Maramures,220000.0,3,8.8,49.0,2,2025-04-25,2025-04-27,1,1,2
Hotel Gradina Morii,Maramures,243500.0,0,9.1,746.0,2,2025-04-25,2025-04-27,1,1,2
Wood & Bricks Chalet,Maramures,661.5,4,9.8,38.0,2,2025-04-25,2025-04-27,1,1,2
Small Apartment in Breb s Cosy Barn,Maramures,395000.0,3,9.7,31.0,2,2025-04-25,2025-04-27,1,1,2
Păstrăvăria Alex,Maramures,500.0,3,9.5,545.0,2,2025-04-25,2025-04-27,1,1,2
PASTRAVARIA ALINA,Maramures,500.0,3,8.8,16.0,2,2025-04-25,2025-04-27,1,1,2
Pensiunea Coronita,Maramures,450000.0,3,9.8,368.0,2,2025-04-25,2025-04-27,1,1,2
Casa cu Magnolii,Maramures,450000.0,0,9.9,17.0,2,2025-04-25,2025-04-27,1,1,2
Dacii Liberi Resort and Spa,Maramures,1379.5,0,8.9,181.0,2,2025-04-25,2025-04-27,1,1,2
Pensiunea Agroturistica Casa Pribegilor,Maramures,250000.0,3,9.7,173.0,2,2025-04-25,2025-04-27,1,1,2
Cabana Alpha,Maramures,220000.0,0,9.6,147.0,2,2025-04-25,2025-04-27,1,1,2
The Council,Sibiu,380000.0,3,8.5,1.834,2,2025-04-25,2025-04-27,1,1,2
Vamesu Frontiers,Sibiu,198000.0,3,9.5,38.0,2,2025-04-25,2025-04-27,1,1,2
Roxi's Apartment,Sibiu,240000.0,3,9.5,132.0,2,2025-04-25,2025-04-27,1,1,2
Pensiunea Haus Paltinul,Sibiu,230000.0,0,9.7,92.0,2,2025-04-25,2025-04-27,1,1,2
Harteneck Apartments,Sibiu,330000.0,0,9.7,384.0,2,2025-04-25,2025-04-27,1,1,2
Blumenhaus Sibiu,Sibiu,323000.0,0,9.3,397.0,2,2025-04-25,2025-04-27,1,1,2
Hotel Am Ring,Sibiu,283000.0,0,8.8,2.163,2,2025-04-25,2025-04-27,1,1,2
Studio with free Parking in the Center - Deliamo 3,Sibiu,207000.0,0,8.8,2.0,2,2025-04-25,2025-04-27,1,1,2
Free Garage in the Center-Delicia 4 Studio!,Sibiu,231000.0,3,9.7,74.0,2,2025-04-25,2025-04-27,1,1,2
Daylight Apartments Sibiu,Sibiu,144000.0,3,9.3,54.0,2,2025-04-25,2025-04-27,1,1,2
La Kanz,Sibiu,162000.0,3,8.7,17.0,2,2025-04-25,2025-04-27,1,1,2
Luxury Apartments Sibiu near Station and Mall with Parking,Sibiu,300000.0,3,9.3,112.0,2,2025-04-25,2025-04-27,1,1,2
Old City Studio,Sibiu,200000.0,3,9.6,60.0,2,2025-04-25,2025-04-27,1,1,2
Pension Ela,Sibiu,170000.0,0,9.3,540.0,2,2025-04-25,2025-04-27,1,1,2
Apartament Casa Dia 1,Sibiu,210000.0,3,9.4,48.0,2,2025-04-25,2025-04-27,1,1,2
Apartament Acasă,Sibiu,243000.0,3,9.8,52.0,2,2025-04-25,2025-04-27,1,1,2
Casa Blanca,Sibiu,250000.0,3,9.7,70.0,2,2025-04-25,2025-04-27,1,1,2
Blissful Apartments,Sibiu,270000.0,0,9.7,19.0,2,2025-04-25,2025-04-27,1,1,2
Hunyadi Luxury Kogalniceanu,Sibiu,315000.0,3,9.8,120.0,2,2025-04-25,2025-04-27,1,1,2
Casa Elena,Sibiu,160000.0,3,9.5,70.0,2,2025-04-25,2025-04-27,1,1,2
Smiley Apartment,Sibiu,360000.0,3,9.7,121.0,2,2025-04-25,2025-04-27,1,1,2
Twin Apartments,Sibiu,249000.0,3,9.8,132.0,2,2025-04-25,2025-04-27,1,1,2
Apartament de Lux André,Sibiu,371500.0,3,9.8,64.0,2,2025-04-25,2025-04-27,1,1,2
Bella-Isa Apartment Central,Sibiu,350000.0,3,9.6,293.0,2,2025-04-25,2025-04-27,1,1,2
Hotel Rin,Sibiu,375000.0,0,8.4,753.0,2,2025-04-25,2025-04-27,1,1,2
YMY HOTELS Târgu Jiu,Targu Jiu,348000.0,0,9.0,453.0,2,2025-04-25,2025-04-27,1,1,2
Elania Residence,Targu Jiu,179000.0,3,9.6,172.0,2,2025-04-25,2025-04-27,1,1,2
Daria Suite,Targu Jiu,256500.0,0,9.3,447.0,2,2025-04-25,2025-04-27,1,1,2
Casa Danielescu,Targu Jiu,257500.0,0,9.0,342.0,2,2025-04-25,2025-04-27,1,1,2
Ramada by Wyndham Targu Jiu,Targu Jiu,480500.0,0,9.2,707.0,2,2025-04-25,2025-04-27,1,1,2
Casa Alex,Targu Jiu,180000.0,3,9.1,143.0,2,2025-04-25,2025-04-27,1,1,2
Hotel Goya Boutique,Targu Jiu,346500.0,0,9.6,695.0,2,2025-04-25,2025-04-27,1,1,2
Central Apartment,Targu Jiu,225000.0,3,9.7,70.0,2,2025-04-25,2025-04-27,1,1,2
Targu Jiu Center,Targu Jiu,202500.0,0,9.7,0.0,2,2025-04-25,2025-04-27,1,1,2
Upstairs Residence,Targu Jiu,200000.0,0,9.8,187.0,2,2025-04-25,2025-04-27,1,1,2
Hotel Story,Targu Jiu,390000.0,0,8.4,770.0,2,2025-04-25,2025-04-27,1,1,2
Pensiunea Giovani,Targu Jiu,198000.0,0,9.3,149.0,2,2025-04-25,2025-04-27,1,1,2
Vintage Central Apartament,Targu Jiu,280000.0,3,9.3,92.0,2,2025-04-25,2025-04-27,1,1,2
UltraCentral Apartment,Targu Jiu,299500.0,3,9.6,22.0,2,2025-04-25,2025-04-27,1,1,2
Pensiunea Parâng,Targu Jiu,880.0,0,9.6,0.0,2,2025-04-25,2025-04-27,1,1,2
Harmony House,Targu Jiu,180000.0,3,9.7,59.0,2,2025-04-25,2025-04-27,1,1,2
Hotel Gorj,Targu Jiu,250000.0,0,7.3,213.0,2,2025-04-25,2025-04-27,1,1,2
Pensiunea Casa Hortopan,Targu Jiu,227000.0,3,9.6,204.0,2,2025-04-25,2025-04-27,1,1,2
Central Park 34,Targu Jiu,164000.0,0,9.6,0.0,2,2025-04-25,2025-04-27,1,1,2
Pensiunea Infinity,Targu Jiu,650.0,3,9.4,105.0,2,2025-04-25,2025-04-27,1,1,2
APARTAMENT 2 CAMERE TIRGU JIU,Targu Jiu,162000.0,3,9.6,42.0,2,2025-04-25,2025-04-27,1,1,2
Casa Cristal,Targu Jiu,220000.0,3,9.7,64.0,2,2025-04-25,2025-04-27,1,1,2
Hotel Palace,Targu Jiu,280000.0,0,8.3,64.0,2,2025-04-25,2025-04-27,1,1,2
Casa Sofia,Targu Jiu,152000.0,0,9.0,110.0,2,2025-04-25,2025-04-27,1,1,2
Casuta de vacanta Danuț&Erin,Targu Jiu,297000.0,3,9.7,25.0,2,2025-04-25,2025-04-27,1,1,2
Decebal-Residence High View Apartment,Craiova,324000.0,4,9.7,12.0,2,2025-04-25,2025-04-27,1,1,2
Ramada Plaza Craiova,Craiova,614.5,0,9.3,1.23,2,2025-04-25,2025-04-27,1,1,2
Hotel 5 Continents,Craiova,659.0,0,9.5,1.01,2,2025-04-25,2025-04-27,1,1,2
Puzzle Apartaments&Studios,Craiova,268500.0,3,9.7,1.052,2,2025-04-25,2025-04-27,1,1,2
ESCAPE LOUNGE,Craiova,275500.0,3,9.8,78.0,2,2025-04-25,2025-04-27,1,1,2
Hotel Bavaria,Craiova,280500.0,0,8.3,721.0,2,2025-04-25,2025-04-27,1,1,2
Hotel Golden House,Craiova,575.0,0,9.0,961.0,2,2025-04-25,2025-04-27,1,1,2
"CRISTAL Home Boutique Apartment 1 - Confort, Spatios, Linistit, Zona de interes",Craiova,336000.0,3,9.8,40.0,2,2025-04-25,2025-04-27,1,1,2
Apartament Kitty Centrul Istoric Craiova,Craiova,331500.0,3,9.9,25.0,2,2025-04-25,2025-04-27,1,1,2
Central Apartments,Craiova,243000.0,0,9.9,5.0,2,2025-04-25,2025-04-27,1,1,2
Arin l Aparthotel #1,Craiova,273500.0,3,9.8,34.0,2,2025-04-25,2025-04-27,1,1,2
1 Mai - Luxury Park Apartments - Self Check-in - Private parking - 2,Craiova,650.0,3,9.8,20.0,2,2025-04-25,2025-04-27,1,1,2
Hotel Splendid 1900,Craiova,476500.0,0,8.9,651.0,2,2025-04-25,2025-04-27,1,1,2
Teodoroiu nr. 5,Craiova,296000.0,0,9.3,783.0,2,2025-04-25,2025-04-27,1,1,2
Hotel Emma Est,Craiova,400000.0,0,8.7,418.0,2,2025-04-25,2025-04-27,1,1,2
Oltenia Studio George Enescu Craiova,Craiova,315000.0,3,9.9,55.0,2,2025-04-25,2025-04-27,1,1,2
DREAMS ESCAPE 2,Craiova,302500.0,0,9.8,97.0,2,2025-04-25,2025-04-27,1,1,2
Apartament lux ultracentral,Craiova,480000.0,3,9.8,96.0,2,2025-04-25,2025-04-27,1,1,2
Rooftop studio,Craiova,243000.0,3,8.6,69.0,2,2025-04-25,2025-04-27,1,1,2
Relax House Apartments,Craiova,395000.0,3,9.6,50.0,2,2025-04-25,2025-04-27,1,1,2
La Căsuță,Craiova,237500.0,3,9.6,22.0,2,2025-04-25,2025-04-27,1,1,2
Apartament Boem în Inima Oraşului Craiova,Craiova,490000.0,4,9.9,193.0,2,2025-04-25,2025-04-27,1,1,2
Epoca Central Boutique,Craiova,350000.0,4,9.0,136.0,2,2025-04-25,2025-04-27,1,1,2
Charlye Apartament,Craiova,218500.0,3,9.5,44.0,2,2025-04-25,2025-04-27,1,1,2
TwinsHause,Craiova,315000.0,3,9.7,25.0,2,2025-04-25,2025-04-27,1,1,2
Carolina Heritage,Alba Iulia,410000.0,0,9.4,817.0,2,2025-04-25,2025-04-27,1,1,2
Casa Pia,Alba Iulia,238500.0,3,9.4,34.0,2,2025-04-25,2025-04-27,1,1,2
Armada Aparthotel,Alba Iulia,210000.0,3,9.7,255.0,2,2025-04-25,2025-04-27,1,1,2
Regim hotelier Alba Iulia AmOS,Alba Iulia,162500.0,3,8.7,75.0,2,2025-04-25,2025-04-27,1,1,2
Vila Preciosa,Alba Iulia,285000.0,0,9.4,2.152,2,2025-04-25,2025-04-27,1,1,2
Hotel Mariss,Alba Iulia,260000.0,0,8.7,598.0,2,2025-04-25,2025-04-27,1,1,2
Bulevard Alba Iulia,Alba Iulia,280000.0,3,9.9,118.0,2,2025-04-25,2025-04-27,1,1,2
Hotel Astoria,Alba Iulia,195000.0,0,8.9,450.0,2,2025-04-25,2025-04-27,1,1,2
Cassys,Alba Iulia,230000.0,3,8.9,8.0,2,2025-04-25,2025-04-27,1,1,2
Apartament foarte ok,Alba Iulia,200000.0,3,8.9,13.0,2,2025-04-25,2025-04-27,1,1,2
Elma Guesthouse,Alba Iulia,297000.0,0,9.1,772.0,2,2025-04-25,2025-04-27,1,1,2
Steaua ALBA CAROLINA,Alba Iulia,211500.0,0,9.1,0.0,2,2025-04-25,2025-04-27,1,1,2
Apulum Apartment,Alba Iulia,380000.0,3,9.9,123.0,2,2025-04-25,2025-04-27,1,1,2
Modern Escape Cetate,Alba Iulia,198500.0,3,9.9,14.0,2,2025-04-25,2025-04-27,1,1,2
Apartament Anais,Alba Iulia,280000.0,3,9.9,43.0,2,2025-04-25,2025-04-27,1,1,2
Oli House,Alba Iulia,279000.0,3,9.1,396.0,2,2025-04-25,2025-04-27,1,1,2
Pensiunea Select,Alba Iulia,250000.0,0,8.3,538.0,2,2025-04-25,2025-04-27,1,1,2
Cetate Apartament,Alba Iulia,225000.0,3,8.9,105.0,2,2025-04-25,2025-04-27,1,1,2
Park Apartment 23,Alba Iulia,324000.0,3,9.2,17.0,2,2025-04-25,2025-04-27,1,1,2
Beautiful house in a very quite area,Alba Iulia,250000.0,0,9.7,7.0,2,2025-04-25,2025-04-27,1,1,2
cris residence,Alba Iulia,308000.0,3,9.7,19.0,2,2025-04-25,2025-04-27,1,1,2
Hotel Cetate,Alba Iulia,368000.0,0,7.3,2.185,2,2025-04-25,2025-04-27,1,1,2
Quatro Suite,Alba Iulia,216000.0,3,9.0,15.0,2,2025-04-25,2025-04-27,1,1,2
CONFORT HOUSE PLUS,Alba Iulia,223000.0,0,9.7,175.0,2,2025-04-25,2025-04-27,1,1,2
Apartamentul Cetății Alba Iulia,Alba Iulia,345000.0,3,9.9,131.0,2,2025-04-25,2025-04-27,1,1,2
Hampton by Hilton Cluj-Napoca,Cluj Napoca,385000.0,0,9.3,1.502,2,2025-04-25,2025-04-27,1,1,2
Vila Vidalis,Cluj Napoca,265500.0,0,8.6,621.0,2,2025-04-25,2025-04-27,1,1,2
Gigi Apartment,Cluj Napoca,252000.0,3,9.5,113.0,2,2025-04-25,2025-04-27,1,1,2
Allview apartment,Cluj Napoca,171000.0,4,9.9,73.0,2,2025-04-25,2025-04-27,1,1,2
New Central Luxury Oasis,Cluj Napoca,294500.0,3,8.9,137.0,2,2025-04-25,2025-04-27,1,1,2
Apartament Ultra Central,Cluj Napoca,310500.0,4,9.6,22.0,2,2025-04-25,2025-04-27,1,1,2
Sky Airport Hotel,Cluj Napoca,518.0,0,9.4,463.0,2,2025-04-25,2025-04-27,1,1,2
Eloom Living,Cluj Napoca,440000.0,4,9.4,4.0,2,2025-04-25,2025-04-27,1,1,2
Mozart Studios,Cluj Napoca,178000.0,3,9.2,435.0,2,2025-04-25,2025-04-27,1,1,2
Traian Apartment - Cluj,Cluj Napoca,329000.0,3,9.2,146.0,2,2025-04-25,2025-04-27,1,1,2
DoubleTree by Hilton Hotel Cluj - City Plaza,Cluj Napoca,724.5,0,9.0,903.0,2,2025-04-25,2025-04-27,1,1,2
Apartament - Cluj Napoca,Cluj Napoca,235000.0,0,8.4,5.0,2,2025-04-25,2025-04-27,1,1,2
Spacious 3 rooms 5* mansion near Muzeului square. Free parking,Cluj Napoca,384500.0,4,9.5,109.0,2,2025-04-25,2025-04-27,1,1,2
Golden Tulip Ana Dome Hotel,Cluj Napoca,486500.0,0,9.4,1.841,2,2025-04-25,2025-04-27,1,1,2
Apartament Septimiu Albini,Cluj Napoca,260000.0,3,9.4,47.0,2,2025-04-25,2025-04-27,1,1,2
Pension Verona Centru,Cluj Napoca,270000.0,0,8.6,1.3,2,2025-04-25,2025-04-27,1,1,2
Meda Apartments,Cluj Napoca,190000.0,3,8.7,99.0,2,2025-04-25,2025-04-27,1,1,2
Pensiunea Junior,Cluj Napoca,255000.0,0,8.1,2.67,2,2025-04-25,2025-04-27,1,1,2
Bloom Downtown Suites,Cluj Napoca,451500.0,0,9.6,216.0,2,2025-04-25,2025-04-27,1,1,2
Blue Apartment,Cluj Napoca,290000.0,3,9.6,56.0,2,2025-04-25,2025-04-27,1,1,2
House Pica,Cluj Napoca,430000.0,4,9.9,147.0,2,2025-04-25,2025-04-27,1,1,2
Apartament 2 camere cu loc de parcare,Cluj Napoca,250000.0,3,9.6,125.0,2,2025-04-25,2025-04-27,1,1,2
Oasului Residence,Cluj Napoca,294500.0,3,9.1,169.0,2,2025-04-25,2025-04-27,1,1,2
AD Apartments,Cluj Napoca,258000.0,4,9.6,1.227,2,2025-04-25,2025-04-27,1,1,2
Moldovei 2 Apartments by Central Park,Cluj Napoca,428000.0,0,9.9,62.0,2,2025-04-25,2025-04-27,1,1,2
Hampton by Hilton Cluj-Napoca,Cluj Napoca,503.0,0,9.3,1.502,2,2025-04-14,2025-04-16,1,1,2
Allview apartment,Cluj Napoca,171000.0,4,9.9,73.0,2,2025-04-14,2025-04-16,1,1,2
Sky Airport Hotel,Cluj Napoca,540.0,0,9.4,463.0,2,2025-04-14,2025-04-16,1,1,2
Gigi Apartment,Cluj Napoca,252000.0,3,9.5,113.0,2,2025-04-14,2025-04-16,1,1,2
Apartament Ultra Central,Cluj Napoca,297000.0,4,9.6,22.0,2,2025-04-14,2025-04-16,1,1,2
Vila Vidalis,Cluj Napoca,295000.0,0,8.6,621.0,2,2025-04-14,2025-04-16,1,1,2
New Central Luxury Oasis,Cluj Napoca,294500.0,3,8.9,137.0,2,2025-04-14,2025-04-16,1,1,2
LaReina Apartament,Cluj Napoca,256500.0,3,9.7,10.0,2,2025-04-14,2025-04-16,1,1,2
Meteor Central,Cluj Napoca,390000.0,0,8.3,1.078,2,2025-04-14,2025-04-16,1,1,2
Lovely House By Mary SuperCentral and Parking,Cluj Napoca,248000.0,4,9.6,14.0,2,2025-04-14,2025-04-16,1,1,2
Pretty Luxury Apartament's,Cluj Napoca,297000.0,4,9.7,161.0,2,2025-04-14,2025-04-16,1,1,2
Pensiunea Junior,Cluj Napoca,255000.0,0,8.1,2.67,2,2025-04-14,2025-04-16,1,1,2
Hotel Transilvania,Cluj Napoca,497500.0,0,8.1,2.228,2,2025-04-14,2025-04-16,1,1,2
DoubleTree by Hilton Hotel Cluj - City Plaza,Cluj Napoca,803.5,0,9.0,903.0,2,2025-04-14,2025-04-16,1,1,2
Topaz Boutique,Cluj Napoca,450000.0,0,8.3,751.0,2,2025-04-14,2025-04-16,1,1,2
Mozart Studios,Cluj Napoca,178000.0,3,9.2,435.0,2,2025-04-14,2025-04-16,1,1,2
Hotel Belvedere,Cluj Napoca,654.0,0,8.4,2.646,2,2025-04-14,2025-04-16,1,1,2
ADt PROPIETY,Cluj Napoca,350000.0,3,9.4,25.0,2,2025-04-14,2025-04-16,1,1,2
Golden Tulip Ana Dome Hotel,Cluj Napoca,515.0,0,9.4,1.841,2,2025-04-14,2025-04-16,1,1,2
CITADEL ROOMS,Cluj Napoca,315000.0,3,9.6,382.0,2,2025-04-14,2025-04-16,1,1,2
Hanul Fullton,Cluj Napoca,367500.0,0,8.6,1.267,2,2025-04-14,2025-04-16,1,1,2
Grand Hotel Napoca,Cluj Napoca,531.5,0,8.7,1.702,2,2025-04-14,2025-04-16,1,1,2
Square View,Cluj Napoca,885.0,3,9.4,21.0,2,2025-04-14,2025-04-16,1,1,2
Hotel Pami,Cluj Napoca,411000.0,0,8.6,1.555,2,2025-04-14,2025-04-16,1,1,2
Lovely Apartment Near City Center (w/ Parking),Cluj Napoca,281000.0,0,9.7,191.0,2,2025-04-14,2025-04-16,1,1,2
Carolina Heritage,Alba Iulia,410000.0,0,9.4,817.0,2,2025-04-14,2025-04-16,1,1,2
Vila Preciosa,Alba Iulia,285000.0,0,9.4,2.152,2,2025-04-14,2025-04-16,1,1,2
Hotel Transilvania,Alba Iulia,249000.0,0,8.8,1.18,2,2025-04-14,2025-04-16,1,1,2
Bulevard Alba Iulia,Alba Iulia,250000.0,3,9.9,118.0,2,2025-04-14,2025-04-16,1,1,2
Carolina,Alba Iulia,200000.0,3,9.9,35.0,2,2025-04-14,2025-04-16,1,1,2
Hotel Mariss,Alba Iulia,260000.0,0,8.7,598.0,2,2025-04-14,2025-04-16,1,1,2
Kitty Sunflower Apartment,Alba Iulia,250000.0,3,9.9,105.0,2,2025-04-14,2025-04-16,1,1,2
Apartament 209,Alba Iulia,247000.0,3,9.5,88.0,2,2025-04-14,2025-04-16,1,1,2
Apartament Anais,Alba Iulia,240000.0,3,9.5,43.0,2,2025-04-14,2025-04-16,1,1,2
Apartament HERA,Alba Iulia,269000.0,3,9.9,86.0,2,2025-04-14,2025-04-16,1,1,2
Armada Aparthotel,Alba Iulia,210000.0,3,9.7,255.0,2,2025-04-14,2025-04-16,1,1,2
Bloom Apartament,Alba Iulia,230000.0,3,9.8,152.0,2,2025-04-14,2025-04-16,1,1,2
Cassys,Alba Iulia,220000.0,3,9.8,8.0,2,2025-04-14,2025-04-16,1,1,2
Hotel Astoria,Alba Iulia,195000.0,0,8.9,450.0,2,2025-04-14,2025-04-16,1,1,2
The Corner50,Alba Iulia,167000.0,3,9.6,857.0,2,2025-04-14,2025-04-16,1,1,2
Casa Pia,Alba Iulia,238500.0,3,9.4,34.0,2,2025-04-14,2025-04-16,1,1,2
Matia Resort,Alba Iulia,200000.0,3,8.8,1.09,2,2025-04-14,2025-04-16,1,1,2
Cetate Apartament,Alba Iulia,200000.0,3,8.9,105.0,2,2025-04-14,2025-04-16,1,1,2
Steaua ALBA CAROLINA,Alba Iulia,211500.0,0,8.9,0.0,2,2025-04-14,2025-04-16,1,1,2
Vila Steaua Nordului,Alba Iulia,300000.0,0,8.5,223.0,2,2025-04-14,2025-04-16,1,1,2
Apulum Apartment,Alba Iulia,380000.0,3,9.9,123.0,2,2025-04-14,2025-04-16,1,1,2
CONFORT HOUSE PLUS,Alba Iulia,189500.0,0,9.7,175.0,2,2025-04-14,2025-04-16,1,1,2
Oli House,Alba Iulia,279000.0,3,9.1,396.0,2,2025-04-14,2025-04-16,1,1,2
Hotel Medieval,Alba Iulia,700.0,0,8.6,737.0,2,2025-04-14,2025-04-16,1,1,2
Alba Carolina Hideway,Alba Iulia,180000.0,3,9.0,1.0,2,2025-04-14,2025-04-16,1,1,2
Downtown Apartment,Craiova,320000.0,3,9.3,58.0,2,2025-04-14,2025-04-16,1,1,2
Ramada Plaza Craiova,Craiova,682.5,0,9.3,1.23,2,2025-04-14,2025-04-16,1,1,2
Hotel 5 Continents,Craiova,709.0,0,9.5,1.01,2,2025-04-14,2025-04-16,1,1,2
Jasminique Suite,Craiova,182500.0,0,9.9,12.0,2,2025-04-14,2025-04-16,1,1,2
DIDI Apartament,Craiova,198000.0,3,9.6,272.0,2,2025-04-14,2025-04-16,1,1,2
Crystal Luxury,Craiova,356000.0,0,9.9,28.0,2,2025-04-14,2025-04-16,1,1,2
Puzzle Apartaments&Studios,Craiova,268500.0,3,9.7,1.052,2,2025-04-14,2025-04-16,1,1,2
Hotel Golden House,Craiova,575.0,0,9.0,961.0,2,2025-04-14,2025-04-16,1,1,2
Hotel Green House,Craiova,500.0,0,7.5,2.651,2,2025-04-14,2025-04-16,1,1,2
Teodoroiu nr. 5,Craiova,265000.0,0,9.3,783.0,2,2025-04-14,2025-04-16,1,1,2
Hotel Emma Est,Craiova,400000.0,0,8.7,418.0,2,2025-04-14,2025-04-16,1,1,2
Relax House Apartments,Craiova,375000.0,3,9.6,50.0,2,2025-04-14,2025-04-16,1,1,2
Hotel Splendid 1900,Craiova,476500.0,0,8.9,651.0,2,2025-04-14,2025-04-16,1,1,2
Aparthotel Craiova,Craiova,765.0,0,9.8,317.0,2,2025-04-14,2025-04-16,1,1,2
Apartament 2 camere etaj 4 din 4,Craiova,257500.0,3,9.7,73.0,2,2025-04-14,2025-04-16,1,1,2
Decebal-Residence High View Apartment,Craiova,324000.0,4,9.7,12.0,2,2025-04-14,2025-04-16,1,1,2
Central Suite Craiova,Craiova,318000.0,3,9.7,63.0,2,2025-04-14,2025-04-16,1,1,2
Apartament Rovine,Craiova,229000.0,0,9.2,66.0,2,2025-04-14,2025-04-16,1,1,2
Apartament Central 3,Craiova,382500.0,3,9.2,15.0,2,2025-04-14,2025-04-16,1,1,2
Romanescu One Apartament,Craiova,325000.0,3,9.6,40.0,2,2025-04-14,2025-04-16,1,1,2
Bistro Centru Vechi Craiova,Craiova,245000.0,0,9.1,465.0,2,2025-04-14,2025-04-16,1,1,2
Arin l Aparthotel #1,Craiova,273500.0,3,9.8,34.0,2,2025-04-14,2025-04-16,1,1,2
English Apartment,Craiova,513.0,3,9.6,49.0,2,2025-04-14,2025-04-16,1,1,2
Apartament Mario,Craiova,495000.0,0,9.6,0.0,2,2025-04-14,2025-04-16,1,1,2
Hotel Bavaria,Craiova,500.5,0,8.3,721.0,2,2025-04-14,2025-04-16,1,1,2
Daria Suite,Targu Jiu,256500.0,0,9.3,447.0,2,2025-04-14,2025-04-16,1,1,2
YMY HOTELS Târgu Jiu,Targu Jiu,348000.0,0,9.0,453.0,2,2025-04-14,2025-04-16,1,1,2
Elania Residence,Targu Jiu,179000.0,3,9.6,172.0,2,2025-04-14,2025-04-16,1,1,2
Hotel Anna,Targu Jiu,510.0,0,9.6,542.0,2,2025-04-14,2025-04-16,1,1,2
Ramada by Wyndham Targu Jiu,Targu Jiu,480500.0,0,9.2,707.0,2,2025-04-14,2025-04-16,1,1,2
Hotel Goya Boutique,Targu Jiu,346500.0,0,9.6,695.0,2,2025-04-14,2025-04-16,1,1,2
Casa Danielescu,Targu Jiu,257500.0,0,9.0,342.0,2,2025-04-14,2025-04-16,1,1,2
Casa Alex,Targu Jiu,180000.0,3,9.1,143.0,2,2025-04-14,2025-04-16,1,1,2
UltraCentral Apartment,Targu Jiu,256500.0,3,9.6,22.0,2,2025-04-14,2025-04-16,1,1,2
Targu Jiu Center,Targu Jiu,209500.0,0,9.6,0.0,2,2025-04-14,2025-04-16,1,1,2
Harmony House,Targu Jiu,180000.0,3,9.7,59.0,2,2025-04-14,2025-04-16,1,1,2
Pensiunea Giovani,Targu Jiu,198000.0,0,9.3,149.0,2,2025-04-14,2025-04-16,1,1,2
Pensiunea Infinity,Targu Jiu,650.0,3,9.4,105.0,2,2025-04-14,2025-04-16,1,1,2
Upstairs Residence,Targu Jiu,200000.0,0,9.8,187.0,2,2025-04-14,2025-04-16,1,1,2
Hotel Gorj,Targu Jiu,310000.0,0,7.3,213.0,2,2025-04-14,2025-04-16,1,1,2
Pensiunea Casa Hortopan,Targu Jiu,217500.0,3,9.6,204.0,2,2025-04-14,2025-04-16,1,1,2
Pensiunea Parâng,Targu Jiu,880.0,0,9.6,0.0,2,2025-04-14,2025-04-16,1,1,2
Vintage Central Apartament,Targu Jiu,280000.0,3,9.3,92.0,2,2025-04-14,2025-04-16,1,1,2
Apartament Casa Dragoeni,Targu Jiu,150000.0,3,9.2,35.0,2,2025-04-14,2025-04-16,1,1,2
Enigma Pension,Targu Jiu,315000.0,0,9.1,105.0,2,2025-04-14,2025-04-16,1,1,2
Casa File de Poveste,Targu Jiu,260000.0,3,9.3,125.0,2,2025-04-14,2025-04-16,1,1,2
Casa de la Nuc,Targu Jiu,250000.0,3,9.8,129.0,2,2025-04-14,2025-04-16,1,1,2
Villa Sara,Targu Jiu,260000.0,3,9.5,9.0,2,2025-04-14,2025-04-16,1,1,2
Guest house,Targu Jiu,254000.0,3,9.7,68.0,2,2025-04-14,2025-04-16,1,1,2
Apartament Axa Brâncuși,Targu Jiu,399000.0,3,9.3,18.0,2,2025-04-14,2025-04-16,1,1,2
Studio Excelsior 1,Sibiu,175000.0,3,8.4,66.0,2,2025-04-14,2025-04-16,1,1,2
Arhivelor Studios,Sibiu,220000.0,3,9.9,549.0,2,2025-04-14,2025-04-16,1,1,2
Apartament Old City,Sibiu,145000.0,3,8.0,86.0,2,2025-04-14,2025-04-16,1,1,2
Vamesu Frontiers,Sibiu,198000.0,3,9.5,38.0,2,2025-04-14,2025-04-16,1,1,2
Free Garage in the Center-Delicia 4 Studio!,Sibiu,215500.0,3,9.7,74.0,2,2025-04-14,2025-04-16,1,1,2
Studio with free Parking in the Center - Deliamo 3,Sibiu,187000.0,0,9.7,2.0,2,2025-04-14,2025-04-16,1,1,2
Galeria Grafit Apartments,Sibiu,190000.0,0,9.5,1.154,2,2025-04-14,2025-04-16,1,1,2
Daylight Apartments Sibiu,Sibiu,144000.0,3,9.3,54.0,2,2025-04-14,2025-04-16,1,1,2
Roxi's Apartment,Sibiu,240000.0,3,9.5,132.0,2,2025-04-14,2025-04-16,1,1,2
Rubin,Sibiu,360000.0,0,8.6,483.0,2,2025-04-14,2025-04-16,1,1,2
Casa Hermanni,Sibiu,240000.0,3,9.7,1.031,2,2025-04-14,2025-04-16,1,1,2
Casa Wagner,Sibiu,320000.0,3,9.7,469.0,2,2025-04-14,2025-04-16,1,1,2
Schick apartment,Sibiu,168000.0,3,8.3,1.024,2,2025-04-14,2025-04-16,1,1,2
La Kanz,Sibiu,162000.0,3,8.7,17.0,2,2025-04-14,2025-04-16,1,1,2
Smiley Deluxe,Sibiu,270000.0,3,9.9,90.0,2,2025-04-14,2025-04-16,1,1,2
Select House,Sibiu,236500.0,3,9.7,426.0,2,2025-04-14,2025-04-16,1,1,2
Apartament Turnul Olarilor,Sibiu,213000.0,3,9.3,264.0,2,2025-04-14,2025-04-16,1,1,2
The Council,Sibiu,313500.0,3,8.5,1.834,2,2025-04-14,2025-04-16,1,1,2
Hotel Stefani,Sibiu,400500.0,0,8.9,1.87,2,2025-04-14,2025-04-16,1,1,2
Blumenhaus Sibiu,Sibiu,323000.0,0,9.3,397.0,2,2025-04-14,2025-04-16,1,1,2
Conrad Haas Apartment,Sibiu,320000.0,3,8.7,88.0,2,2025-04-14,2025-04-16,1,1,2
Luxury Apartments Sibiu near Station and Mall with Parking,Sibiu,285000.0,3,9.3,112.0,2,2025-04-14,2025-04-16,1,1,2
Pension Ela,Sibiu,170000.0,0,9.3,540.0,2,2025-04-14,2025-04-16,1,1,2
Hotel Rin,Sibiu,350000.0,0,8.4,753.0,2,2025-04-14,2025-04-16,1,1,2
Blissful Apartments,Sibiu,225000.0,0,8.4,19.0,2,2025-04-14,2025-04-16,1,1,2
Adventure Lake Resort - Simared,Maramures,450000.0,0,9.2,292.0,2,2025-04-14,2025-04-16,1,1,2
Hotel Victoria,Maramures,260000.0,0,9.0,707.0,2,2025-04-14,2025-04-16,1,1,2
Green Garden,Maramures,408000.0,3,9.9,79.0,2,2025-04-14,2025-04-16,1,1,2
Pensiunea Inima Maramureșului,Maramures,200000.0,0,9.8,192.0,2,2025-04-14,2025-04-16,1,1,2
Nord Hotel,Maramures,303000.0,0,9.1,633.0,2,2025-04-14,2025-04-16,1,1,2
Hotel Gradina Morii,Maramures,268000.0,0,9.1,746.0,2,2025-04-14,2025-04-16,1,1,2
Casa Sofia,Maramures,327500.0,3,9.4,129.0,2,2025-04-14,2025-04-16,1,1,2
Domeniul Acasa in Vadu Izei Maramu,Maramures,380000.0,3,9.4,127.0,2,2025-04-14,2025-04-16,1,1,2
Casa Muntean,Maramures,200000.0,0,9.5,188.0,2,2025-04-14,2025-04-16,1,1,2
Pensiunea Ana,Maramures,500.0,0,9.5,59.0,2,2025-04-14,2025-04-16,1,1,2
Pensiunea Agroturistica Casa Pribegilor,Maramures,250000.0,3,9.7,173.0,2,2025-04-14,2025-04-16,1,1,2
Pensiunea Magnolia,Maramures,179000.0,3,9.1,132.0,2,2025-04-14,2025-04-16,1,1,2
The Village Pension,Maramures,373500.0,0,9.8,104.0,2,2025-04-14,2025-04-16,1,1,2
Vila FAN Confort,Maramures,200000.0,0,9.1,318.0,2,2025-04-14,2025-04-16,1,1,2
Vila Perla Sapanteana,Maramures,200000.0,3,8.6,149.0,2,2025-04-14,2025-04-16,1,1,2
Păstrăvăria Alex,Maramures,500.0,3,9.5,545.0,2,2025-04-14,2025-04-16,1,1,2
Pensiunea Casa Traditiilor,Maramures,450000.0,0,9.7,157.0,2,2025-04-14,2025-04-16,1,1,2
The NEST,Maramures,350000.0,3,9.8,38.0,2,2025-04-14,2025-04-16,1,1,2
Casa cu Magnolii,Maramures,450000.0,0,9.9,17.0,2,2025-04-14,2025-04-16,1,1,2
Pension Agnes,Maramures,250000.0,3,9.6,427.0,2,2025-04-14,2025-04-16,1,1,2
La Romaneasa,Maramures,360000.0,0,9.3,290.0,2,2025-04-14,2025-04-16,1,1,2
Pensiunea Casa Mariuca,Maramures,200000.0,0,9.4,26.0,2,2025-04-14,2025-04-16,1,1,2
Forestia - modern cabin with hot tub,Maramures,1242.0,0,9.4,6.0,2,2025-04-14,2025-04-16,1,1,2
Maramures Landscape,Maramures,170000.0,3,9.6,33.0,2,2025-04-14,2025-04-16,1,1,2
Hotel INA,Maramures,432000.0,0,9.4,159.0,2,2025-04-14,2025-04-16,1,1,2
Piata Unirii Central Apartments,Iasi,337000.0,4,9.5,5.631,2,2025-04-14,2025-04-16,1,1,2
Studios & Apartments Palas by GLAM,Iasi,270000.0,3,9.4,680.0,2,2025-04-14,2025-04-16,1,1,2
Luxury Lazar Towers by GLAM Story,Iasi,294500.0,4,9.3,285.0,2,2025-04-14,2025-04-16,1,1,2
Hotel Moldova,Iasi,676.5,0,8.3,2.801,2,2025-04-14,2025-04-16,1,1,2
TOD APARTMENTS Palas Mall,Iasi,294500.0,4,9.4,250.0,2,2025-04-14,2025-04-16,1,1,2
Perfect Host Palas,Iasi,239500.0,4,9.8,130.0,2,2025-04-14,2025-04-16,1,1,2
Comfortable apartment for you and your family,Iasi,220000.0,3,8.0,14.0,2,2025-04-14,2025-04-16,1,1,2
Luxury COZY Suites & Studios at Unirea Towers,Iasi,274500.0,4,9.4,71.0,2,2025-04-14,2025-04-16,1,1,2
Cuibul Verde Copou,Iasi,270000.0,3,9.9,42.0,2,2025-04-14,2025-04-16,1,1,2
Lazar Towers Studios & Apartments near Palas,Iasi,264000.0,3,9.3,110.0,2,2025-04-14,2025-04-16,1,1,2
Palace of Culture Dream Apartments and Studios Iasi,Iasi,292500.0,4,8.7,264.0,2,2025-04-14,2025-04-16,1,1,2
Newton Studios & Apartments by GLAM APARTMENTS,Iasi,266000.0,3,9.0,53.0,2,2025-04-14,2025-04-16,1,1,2
COZY APARTHOTEL - Ultracentral Luxury Apartments Iasi,Iasi,315000.0,4,8.5,188.0,2,2025-04-14,2025-04-16,1,1,2
Prestige Hotel,Iasi,380000.0,4,9.0,1.596,2,2025-04-14,2025-04-16,1,1,2
Palas Mall - Cozy Studios and Flats Iasi,Iasi,292500.0,3,8.3,259.0,2,2025-04-14,2025-04-16,1,1,2
Exclusive Collection Palas Mall Suites and Studios,Iasi,346500.0,4,8.7,41.0,2,2025-04-14,2025-04-16,1,1,2
Hotel Arnia,Iasi,420000.0,0,9.3,2.005,2,2025-04-14,2025-04-16,1,1,2
Hotel Continental City Center,Iasi,498500.0,0,7.9,1.453,2,2025-04-14,2025-04-16,1,1,2
Luxury Studios at Unique opposite Palas with Parking,Iasi,310000.0,3,9.5,76.0,2,2025-04-14,2025-04-16,1,1,2
Cozy Accommodation Central City - Iasi,Iasi,283500.0,3,8.4,181.0,2,2025-04-14,2025-04-16,1,1,2
Hotel Ceramica,Iasi,273000.0,0,8.6,1.271,2,2025-04-14,2025-04-16,1,1,2
Palace of Culture & Palas Mall Collection Suites & Studios,Iasi,270000.0,4,8.8,102.0,2,2025-04-14,2025-04-16,1,1,2
MONARC Boutique ApartHotel - SELF CHECK-IN,Iasi,214000.0,4,9.6,375.0,2,2025-04-14,2025-04-16,1,1,2
Sauna & Private Parking 2rooms apartment,Iasi,400000.0,4,9.6,130.0,2,2025-04-14,2025-04-16,1,1,2
Urban Accommodation - Palas Mall Iasi,Iasi,297000.0,4,8.2,98.0,2,2025-04-14,2025-04-16,1,1,2
Maritimo ApartHotel,Constanta,450000.0,4,9.2,2.195,2,2025-04-14,2025-04-16,1,1,2
Hotel Carol,Constanta,427500.0,0,9.2,975.0,2,2025-04-14,2025-04-16,1,1,2
JMR Royal,Constanta,600.0,0,9.4,925.0,2,2025-04-14,2025-04-16,1,1,2
Gabizz Apartments,Constanta,531.5,0,8.9,61.0,2,2025-04-14,2025-04-16,1,1,2
Hotel Megalos,Constanta,397500.0,0,8.2,1.513,2,2025-04-14,2025-04-16,1,1,2
Hotel Cherica,Constanta,592.0,0,9.4,832.0,2,2025-04-14,2025-04-16,1,1,2
Arion Hotel,Constanta,210000.0,0,7.6,587.0,2,2025-04-14,2025-04-16,1,1,2
Bella Villa,Constanta,289000.0,3,9.0,111.0,2,2025-04-14,2025-04-16,1,1,2
Casa David,Constanta,130000.0,3,9.3,555.0,2,2025-04-14,2025-04-16,1,1,2
Turquoise by the sea,Constanta,500.0,0,9.9,250.0,2,2025-04-14,2025-04-16,1,1,2
Voila Inn,Constanta,330000.0,0,8.3,930.0,2,2025-04-14,2025-04-16,1,1,2
Curtea Brancovenească,Constanta,240000.0,0,8.3,332.0,2,2025-04-14,2025-04-16,1,1,2
Villa Edel Constanta,Constanta,220000.0,0,9.2,610.0,2,2025-04-14,2025-04-16,1,1,2
Millennium Hub & Hotel,Constanta,642.0,0,9.1,878.0,2,2025-04-14,2025-04-16,1,1,2
London Hotel,Constanta,195000.0,0,9.1,253.0,2,2025-04-14,2025-04-16,1,1,2
Hotel Florentina,Constanta,230000.0,0,8.3,377.0,2,2025-04-14,2025-04-16,1,1,2
Vila Montana,Constanta,218000.0,0,8.9,169.0,2,2025-04-14,2025-04-16,1,1,2
Rosetti One,Constanta,800.0,4,9.8,107.0,2,2025-04-14,2025-04-16,1,1,2
Aparthotel Nevada - Apartamente,Constanta,353000.0,3,8.8,357.0,2,2025-04-14,2025-04-16,1,1,2
Adrys Boutique Villa,Constanta,238000.0,3,8.6,261.0,2,2025-04-14,2025-04-16,1,1,2
Hanu Satului,Constanta,280000.0,3,8.1,137.0,2,2025-04-14,2025-04-16,1,1,2
Apartament Erika - by the beach,Constanta,400000.0,0,9.5,52.0,2,2025-04-14,2025-04-16,1,1,2
Grand Hotel Belvedere,Prahova,585.0,0,8.7,1.82,2,2025-04-14,2025-04-16,1,1,2
Mirandis Apartments - Comfort & Private Parking Near Coresi Mall,Prahova,223000.0,4,9.5,102.0,2,2025-04-14,2025-04-16,1,1,2
JAD - Luxury Apartments - Kasper Coresi,Prahova,200500.0,4,9.7,251.0,2,2025-04-14,2025-04-16,1,1,2
WELL Prettyplaces Apartment 001,Prahova,276000.0,3,9.0,122.0,2,2025-04-14,2025-04-16,1,1,2
JAD - Comfortable - Apartments - Coresi,Prahova,198000.0,4,9.4,502.0,2,2025-04-14,2025-04-16,1,1,2
Iza Bella,Prahova,264500.0,0,9.6,11.0,2,2025-04-14,2025-04-16,1,1,2
Mountain Breeze Apartment,Prahova,168000.0,3,9.6,36.0,2,2025-04-14,2025-04-16,1,1,2
Seek and Hide - Csilla's Tiny Hideaway,Prahova,207500.0,3,9.7,70.0,2,2025-04-14,2025-04-16,1,1,2
Pension Casa Samurai,Prahova,160000.0,3,8.6,1.504,2,2025-04-14,2025-04-16,1,1,2
Postavarului Residence Brasov,Prahova,275000.0,4,8.6,3.0,2,2025-04-14,2025-04-16,1,1,2
Cozy Luxury Apartments - Coresi Mall #Brasov,Prahova,334000.0,4,9.1,209.0,2,2025-04-14,2025-04-16,1,1,2
Cozy Brand New Boutique ApartHotel Brasov,Prahova,317500.0,4,9.5,148.0,2,2025-04-14,2025-04-16,1,1,2
COZY Aparthotel - Premium Suites and Studios,Prahova,390500.0,3,9.9,20.0,2,2025-04-14,2025-04-16,1,1,2
Luxury Residences & Suites in Central Brasov at Coresi Mall,Prahova,300500.0,4,8.4,21.0,2,2025-04-14,2025-04-16,1,1,2
Stag Loft Brasov,Prahova,250500.0,4,9.9,30.0,2,2025-04-14,2025-04-16,1,1,2
Hotel Kronwell,Prahova,900.5,0,9.7,2.07,2,2025-04-14,2025-04-16,1,1,2
JAD - Comfortable - 3 Rooms Apartments Isaran Coresi,Prahova,281000.0,4,9.5,233.0,2,2025-04-14,2025-04-16,1,1,2
Hotel Kolping,Prahova,465500.0,0,9.3,1.791,2,2025-04-14,2025-04-16,1,1,2
A&T CentralApartment-FreeParking,Prahova,279000.0,4,9.5,14.0,2,2025-04-14,2025-04-16,1,1,2
EVU Long Street,Prahova,272500.0,3,9.0,254.0,2,2025-04-14,2025-04-16,1,1,2
Grandis Residence 16,Prahova,200000.0,3,9.5,16.0,2,2025-04-14,2025-04-16,1,1,2
Apartament Mini Palais Brasov,Prahova,225000.0,4,9.3,40.0,2,2025-04-14,2025-04-16,1,1,2
Pensiunea Casa Bono,Prahova,390000.0,0,9.3,86.0,2,2025-04-14,2025-04-16,1,1,2
Zinne Apartments,Prahova,270000.0,3,9.5,278.0,2,2025-04-14,2025-04-16,1,1,2
Belvedere,Prahova,585.0,0,8.5,1.138,2,2025-04-14,2025-04-16,1,1,2
Mirandis Apartments - Comfort & Private Parking Near Coresi Mall,Brasov,223000.0,4,9.5,102.0,2,2025-04-14,2025-04-16,1,1,2
JAD - Luxury Apartments - Kasper Coresi,Brasov,200500.0,4,9.7,251.0,2,2025-04-14,2025-04-16,1,1,2
WELL Prettyplaces Apartment 001,Brasov,276000.0,3,9.0,122.0,2,2025-04-14,2025-04-16,1,1,2
JAD - Comfortable - Apartments - Coresi,Brasov,198000.0,4,9.4,502.0,2,2025-04-14,2025-04-16,1,1,2
Grand Hotel Belvedere,Brasov,585.0,0,8.7,1.82,2,2025-04-14,2025-04-16,1,1,2
Mountain Breeze Apartment,Brasov,168000.0,3,9.6,36.0,2,2025-04-14,2025-04-16,1,1,2
Seek and Hide - Csilla's Tiny Hideaway,Brasov,207500.0,3,9.7,70.0,2,2025-04-14,2025-04-16,1,1,2
Pension Casa Samurai,Brasov,160000.0,3,8.6,1.504,2,2025-04-14,2025-04-16,1,1,2
Postavarului Residence Brasov,Brasov,275000.0,4,8.6,3.0,2,2025-04-14,2025-04-16,1,1,2
Stag Loft Brasov,Brasov,250500.0,4,9.9,30.0,2,2025-04-14,2025-04-16,1,1,2
A&T CentralApartment-FreeParking,Brasov,279000.0,4,9.5,14.0,2,2025-04-14,2025-04-16,1,1,2
EVU Long Street,Brasov,272500.0,3,9.0,254.0,2,2025-04-14,2025-04-16,1,1,2
Grandis Residence 16,Brasov,200000.0,3,9.5,16.0,2,2025-04-14,2025-04-16,1,1,2
Apartament Mini Palais Brasov,Brasov,225000.0,4,9.3,40.0,2,2025-04-14,2025-04-16,1,1,2
Zinne Apartments,Brasov,270000.0,3,9.5,278.0,2,2025-04-14,2025-04-16,1,1,2
B&M Apartment,Brasov,207000.0,3,9.6,184.0,2,2025-04-14,2025-04-16,1,1,2
Jasmine Residence Studio,Brasov,231000.0,3,9.8,119.0,2,2025-04-14,2025-04-16,1,1,2
Casa chia,Brasov,157000.0,3,8.8,6.0,2,2025-04-14,2025-04-16,1,1,2
KORONA STUDIO,Brasov,217500.0,3,9.5,197.0,2,2025-04-14,2025-04-16,1,1,2
Hotel Aro Palace,Brasov,729.0,0,8.7,2.698,2,2025-04-14,2025-04-16,1,1,2
Hotel Kronwell,Brasov,819.5,0,9.7,2.07,2,2025-04-14,2025-04-16,1,1,2
JAD - Comfortable - 3 Rooms Apartments Isaran Coresi,Brasov,255500.0,4,9.5,233.0,2,2025-04-14,2025-04-16,1,1,2
Apartament Sabrina Central,Brasov,300000.0,4,9.6,155.0,2,2025-04-14,2025-04-16,1,1,2
Hotel Kolping,Brasov,465500.0,0,9.3,1.791,2,2025-04-14,2025-04-16,1,1,2
Hirscher Apartments,Brasov,337500.0,4,9.9,207.0,2,2025-04-14,2025-04-16,1,1,2
MyContinental Suceava,Suceava,355000.0,0,8.9,3.697,2,2025-04-14,2025-04-16,1,1,2
Hotel Sonnenhof,Suceava,570.0,0,9.4,1.362,2,2025-04-14,2025-04-16,1,1,2
Alina,Suceava,135000.0,0,9.4,0.0,2,2025-04-14,2025-04-16,1,1,2
Zlata Rezidential Home,Suceava,261000.0,4,9.6,10.0,2,2025-04-14,2025-04-16,1,1,2
Sunny Apartment in Suceava,Suceava,259000.0,3,8.5,58.0,2,2025-04-14,2025-04-16,1,1,2
Luxury Towers Apartments Parking included,Suceava,300500.0,3,9.9,47.0,2,2025-04-14,2025-04-16,1,1,2
Luxury Sunny Apartments near City Center Suceava,Suceava,256500.0,3,9.2,66.0,2,2025-04-14,2025-04-16,1,1,2
Luxury Apartments with 1&2 Bedroom with Parking,Suceava,291000.0,3,9.6,28.0,2,2025-04-14,2025-04-16,1,1,2
Prime Aparments University,Suceava,270000.0,4,9.9,47.0,2,2025-04-14,2025-04-16,1,1,2
Luxury Apartments and Studios Boulevard G Enescu Suceava,Suceava,342000.0,3,9.3,242.0,2,2025-04-14,2025-04-16,1,1,2
Cozy ApartHotel K Suceava,Suceava,342000.0,3,9.3,349.0,2,2025-04-14,2025-04-16,1,1,2
Casa Bucovineana,Suceava,379000.0,0,9.2,1.342,2,2025-04-14,2025-04-16,1,1,2
Deluxe Aparthotel MARWELL RESIDENCE,Suceava,513.5,4,9.8,669.0,2,2025-04-14,2025-04-16,1,1,2
Relaxing and Beautiful Apartments in Centre of Historical Suceava,Suceava,315000.0,3,9.1,59.0,2,2025-04-14,2025-04-16,1,1,2
Luxury 1 bedroom Avanera SV,Suceava,252000.0,0,7.7,8.0,2,2025-04-14,2025-04-16,1,1,2
Exclusive Ultracentral Apartments and Studios #Enescu#Universitatii#Suceava,Suceava,342000.0,3,9.4,87.0,2,2025-04-14,2025-04-16,1,1,2
Casa Dora,Suceava,219000.0,4,9.4,129.0,2,2025-04-14,2025-04-16,1,1,2
Mandachi Hotel & SPA,Suceava,860.0,0,9.4,3.183,2,2025-04-14,2025-04-16,1,1,2
LC APARTMENTS SUCEAVA Ab,Suceava,247500.0,3,9.6,5.0,2,2025-04-14,2025-04-16,1,1,2
Pensiunea Meteora,Suceava,298000.0,0,8.3,190.0,2,2025-04-14,2025-04-16,1,1,2
Provence Suceava,Suceava,410000.0,0,9.6,829.0,2,2025-04-14,2025-04-16,1,1,2
Cozy Aparthotel - Central City Suceava,Suceava,378000.0,3,9.5,87.0,2,2025-04-14,2025-04-16,1,1,2
Hotel Residenz,Suceava,440000.0,0,8.8,1.104,2,2025-04-14,2025-04-16,1,1,2
Lovely Cozy Apartments in Central Suceava,Suceava,360000.0,3,9.3,23.0,2,2025-04-14,2025-04-16,1,1,2
Sunny Apartments Avanera Suceava 96,Suceava,252000.0,3,9.1,25.0,2,2025-04-14,2025-04-16,1,1,2
GBU Home Timisoara,Timisoara,290500.0,0,9.7,1.476,2,2025-04-14,2025-04-16,1,1,2
Savoy Hotel,Timisoara,344500.0,0,8.9,1.729,2,2025-04-14,2025-04-16,1,1,2
Hotel Silva,Timisoara,350000.0,0,9.2,714.0,2,2025-04-14,2025-04-16,1,1,2
Do Stil Boutique Hotel,Timisoara,398000.0,0,9.1,1.314,2,2025-04-14,2025-04-16,1,1,2
Savoya4 Old City Center Self Checkin WorkspaceStudio,Timisoara,251500.0,3,8.6,68.0,2,2025-04-14,2025-04-16,1,1,2
Premier Luxury Lipatti by Glam Apartments,Timisoara,291000.0,3,9.6,10.0,2,2025-04-14,2025-04-16,1,1,2
Luxury Apt. Near River & Parking,Timisoara,275500.0,4,9.9,75.0,2,2025-04-14,2025-04-16,1,1,2
Creative Apartment,Timisoara,237500.0,3,9.0,72.0,2,2025-04-14,2025-04-16,1,1,2
Amazonia Apartments,Timisoara,775.0,0,9.3,685.0,2,2025-04-14,2025-04-16,1,1,2
Flora Residence,Timisoara,305000.0,3,9.5,119.0,2,2025-04-14,2025-04-16,1,1,2
Old Town Apartment on Eugeniu de Savoya street,Timisoara,237000.0,3,9.8,13.0,2,2025-04-14,2025-04-16,1,1,2
Piata Victoriei,Timisoara,270000.0,0,9.4,7.0,2,2025-04-14,2025-04-16,1,1,2
"HELIOS - DeLuxe Residence, close to the city center, plus PARKING included",Timisoara,513.0,0,9.8,6.0,2,2025-04-14,2025-04-16,1,1,2
NEW Central nr2 Self Checkin OldCity Center Paid Parking with Lift,Timisoara,267500.0,3,9.2,155.0,2,2025-04-14,2025-04-16,1,1,2
Enescu 3 City Center Flat,Timisoara,295000.0,3,9.8,83.0,2,2025-04-14,2025-04-16,1,1,2
Old city fortress exceptional place Cosmanu,Timisoara,290000.0,3,9.2,114.0,2,2025-04-14,2025-04-16,1,1,2
Alessia Apartment in the Old Town,Timisoara,305000.0,3,9.7,129.0,2,2025-04-14,2025-04-16,1,1,2
Rox Central Apartments 4,Timisoara,499000.0,3,9.9,46.0,2,2025-04-14,2025-04-16,1,1,2
Palatul Agoston Galgon,Timisoara,280000.0,0,9.9,3.0,2,2025-04-14,2025-04-16,1,1,2
Georgiana Apartments,Timisoara,247000.0,4,8.8,828.0,2,2025-04-14,2025-04-16,1,1,2
Forest Apartment Timișoara,Timisoara,270000.0,3,9.4,282.0,2,2025-04-14,2025-04-16,1,1,2
Victoriei,Timisoara,324000.0,0,9.7,3.0,2,2025-04-14,2025-04-16,1,1,2
Daiana Apartament,Timisoara,223000.0,3,9.8,37.0,2,2025-04-14,2025-04-16,1,1,2
Pacha Residence,Timisoara,290000.0,3,9.8,47.0,2,2025-04-14,2025-04-16,1,1,2
Hotel Royal Plaza By TimHotels,Timisoara,638.0,0,9.1,205.0,2,2025-04-14,2025-04-16,1,1,2
Hotel Esplanada,Tulcea,422000.0,0,8.7,550.0,2,2025-04-14,2025-04-16,1,1,2
Apartament max. confort,Tulcea,290000.0,3,9.8,133.0,2,2025-04-14,2025-04-16,1,1,2
Fabian Apart Faleza,Tulcea,300000.0,3,9.4,26.0,2,2025-04-14,2025-04-16,1,1,2
Hotel Delta 3,Tulcea,470000.0,0,8.4,1.396,2,2025-04-14,2025-04-16,1,1,2
Hotel Egreta,Tulcea,181500.0,0,7.6,671.0,2,2025-04-14,2025-04-16,1,1,2
M&M apartment,Tulcea,288000.0,4,9.3,12.0,2,2025-04-14,2025-04-16,1,1,2
Pensiunea Melisa,Tulcea,180000.0,0,8.4,411.0,2,2025-04-14,2025-04-16,1,1,2
Danubius view apartment,Tulcea,387000.0,0,8.4,0.0,2,2025-04-14,2025-04-16,1,1,2
Pensiunea Delta Dunarii,Tulcea,265000.0,3,8.1,158.0,2,2025-04-14,2025-04-16,1,1,2
Hotel Delta 4,Tulcea,700.0,0,8.3,561.0,2,2025-04-14,2025-04-16,1,1,2
Hotel Select,Tulcea,307000.0,0,9.0,247.0,2,2025-04-14,2025-04-16,1,1,2
Pensiunea Anda,Tulcea,170500.0,0,9.1,229.0,2,2025-04-14,2025-04-16,1,1,2
Hotel Europolis,Tulcea,445000.0,0,8.6,266.0,2,2025-04-14,2025-04-16,1,1,2
Casa Selly,Tulcea,250000.0,3,9.1,30.0,2,2025-04-14,2025-04-16,1,1,2
Vila Alex&Razvan,Tulcea,230000.0,0,8.8,148.0,2,2025-04-14,2025-04-16,1,1,2
Apartament Pelican,Tulcea,400000.0,3,9.1,11.0,2,2025-04-14,2025-04-16,1,1,2
Hotel City,Tulcea,450000.0,0,8.4,331.0,2,2025-04-14,2025-04-16,1,1,2
"Casa Vera, Tudor Vladimirescu",Tulcea,300000.0,0,9.8,25.0,2,2025-04-14,2025-04-16,1,1,2
Apartament Diana,Tulcea,355000.0,3,9.1,45.0,2,2025-04-14,2025-04-16,1,1,2
SJ Apartment,Tulcea,283500.0,3,9.8,62.0,2,2025-04-14,2025-04-16,1,1,2
3-Room Delta Modern Residence,Tulcea,343500.0,3,8.4,22.0,2,2025-04-14,2025-04-16,1,1,2
Pensiunea Lebada,Tulcea,260000.0,0,8.5,108.0,2,2025-04-14,2025-04-16,1,1,2
Casa Radu,Tulcea,157500.0,3,7.5,107.0,2,2025-04-14,2025-04-16,1,1,2
Casa Adelmar,Tulcea,330000.0,0,9.5,68.0,2,2025-04-14,2025-04-16,1,1,2
SimpliCity Apartament,Tulcea,315000.0,3,9.8,49.0,2,2025-04-14,2025-04-16,1,1,2
Hunter Vip,Mures,240000.0,3,9.6,512.0,2,2025-04-14,2025-04-16,1,1,2
Country Court,Mures,185000.0,0,9.1,87.0,2,2025-04-14,2025-04-16,1,1,2
Casa Lily - Japanese Retreat,Mures,170000.0,3,9.5,936.0,2,2025-04-14,2025-04-16,1,1,2
Hampton By Hilton Targu Mures,Mures,325000.0,0,9.4,590.0,2,2025-04-14,2025-04-16,1,1,2
Grand Hotel,Mures,414000.0,0,9.2,2.489,2,2025-04-14,2025-04-16,1,1,2
Continental Forum Tirgu Mures,Mures,305000.0,0,8.6,1.706,2,2025-04-14,2025-04-16,1,1,2
Hotel Casa Wagner,Mures,280000.0,0,8.6,2.726,2,2025-04-14,2025-04-16,1,1,2
Pensiunea El Passo Targu Mures,Mures,180000.0,3,8.7,436.0,2,2025-04-14,2025-04-16,1,1,2
Casa Agnes Vendeghaz,Mures,199000.0,0,7.7,88.0,2,2025-04-14,2025-04-16,1,1,2
Hotel Concordia,Mures,480500.0,0,8.5,1.365,2,2025-04-14,2025-04-16,1,1,2
Vila Noblesse,Mures,450000.0,0,9.3,2.076,2,2025-04-14,2025-04-16,1,1,2
Pensiunea Gasthaus Alte Post,Mures,395000.0,0,9.2,1.362,2,2025-04-14,2025-04-16,1,1,2
Happy Home,Mures,259500.0,4,9.2,59.0,2,2025-04-14,2025-04-16,1,1,2
HOTEL AGORA Mures,Mures,390000.0,0,9.6,340.0,2,2025-04-14,2025-04-16,1,1,2
VILA URSU din SOVATA BAI -ALL INCLUSIVE- & SPA,Mures,468000.0,0,7.9,460.0,2,2025-04-14,2025-04-16,1,1,2
Pensiunea Select Central,Mures,270000.0,0,8.9,672.0,2,2025-04-14,2025-04-16,1,1,2
Reny's Studio Apartments -Hiperbara,Mures,278500.0,3,9.8,56.0,2,2025-04-14,2025-04-16,1,1,2
Stars Livezeni,Mures,185000.0,0,9.5,75.0,2,2025-04-14,2025-04-16,1,1,2
CASA 9,Mures,205500.0,3,9.8,158.0,2,2025-04-14,2025-04-16,1,1,2
C&C apartamente,Mures,191500.0,0,9.8,0.0,2,2025-04-14,2025-04-16,1,1,2
Pensiunea Comfort,Mures,330000.0,3,9.7,386.0,2,2025-04-14,2025-04-16,1,1,2
Green Apartman,Mures,165000.0,3,9.4,83.0,2,2025-04-14,2025-04-16,1,1,2
Hotel Villa Franca,Mures,322000.0,0,8.8,1.002,2,2025-04-14,2025-04-16,1,1,2
ART Apartment,Mures,260000.0,3,9.3,104.0,2,2025-04-14,2025-04-16,1,1,2
Hygge Praid,Mures,349500.0,4,9.8,149.0,2,2025-04-14,2025-04-16,1,1,2
Casa Savri,Mures,570.0,0,9.4,1.344,2,2025-04-14,2025-04-16,1,2,2
Casa Lily - Japanese Retreat,Mures,170000.0,3,9.5,936.0,2,2025-04-14,2025-04-16,1,2,2
Bellacya Resort & Spa,Mures,980.0,0,8.8,274.0,2,2025-04-14,2025-04-16,1,2,2
Grand Hotel,Mures,540.0,0,9.2,2.489,2,2025-04-14,2025-04-16,1,2,2
Patakparti 4,Mures,431500.0,3,9.5,30.0,2,2025-04-14,2025-04-16,1,2,2
Vila Noblesse,Mures,450000.0,0,9.3,2.076,2,2025-04-14,2025-04-16,1,2,2
Continental Forum Tirgu Mures,Mures,370000.0,0,8.6,1.706,2,2025-04-14,2025-04-16,1,2,2
Country Court,Mures,270000.0,0,9.1,87.0,2,2025-04-14,2025-04-16,1,2,2
Hotel Concordia,Mures,534.0,0,8.5,1.365,2,2025-04-14,2025-04-16,1,2,2
Hotel Casa Wagner,Mures,360000.0,0,8.6,2.726,2,2025-04-14,2025-04-16,1,2,2
VILA URSU din SOVATA BAI -ALL INCLUSIVE- & SPA,Mures,468000.0,0,7.9,460.0,2,2025-04-14,2025-04-16,1,2,2
Pensiunea Select Central,Mures,270000.0,0,8.9,672.0,2,2025-04-14,2025-04-16,1,2,2
Pensiunea Gasthaus Alte Post,Mures,516.0,0,9.2,1.362,2,2025-04-14,2025-04-16,1,2,2
Happy Home,Mures,293000.0,4,9.2,59.0,2,2025-04-14,2025-04-16,1,2,2
Pensiunea El Passo Targu Mures,Mures,250000.0,3,8.7,436.0,2,2025-04-14,2025-04-16,1,2,2
ART Apartment,Mures,260000.0,3,9.3,104.0,2,2025-04-14,2025-04-16,1,2,2
Casa Agnes Vendeghaz,Mures,260000.0,0,7.7,88.0,2,2025-04-14,2025-04-16,1,2,2
H11 Downtown Apartments,Mures,538.5,3,9.6,844.0,2,2025-04-14,2025-04-16,1,2,2
Constantin Panzió,Mures,295000.0,3,9.8,123.0,2,2025-04-14,2025-04-16,1,2,2
Hotel Villa Franca,Mures,322000.0,0,8.8,1.002,2,2025-04-14,2025-04-16,1,2,2
Vila El Passo,Mures,250000.0,3,9.1,134.0,2,2025-04-14,2025-04-16,1,2,2
HOTEL CIAO,Mures,349000.0,0,7.4,78.0,2,2025-04-14,2025-04-16,1,2,2
Vila Silvia,Mures,500.0,0,9.7,318.0,2,2025-04-14,2025-04-16,1,2,2
Pensiunea Comfort,Mures,450000.0,3,9.7,386.0,2,2025-04-14,2025-04-16,1,2,2
Wanderer Sighisoara,Mures,930.0,0,9.6,348.0,2,2025-04-14,2025-04-16,1,2,2
Luxury Towers Apartments Parking included,Suceava,310000.0,3,9.9,47.0,2,2025-04-14,2025-04-16,1,2,2
MyContinental Suceava,Suceava,380000.0,0,8.9,3.697,2,2025-04-14,2025-04-16,1,2,2
Luxury Apartments with 1&2 Bedroom with Parking,Suceava,300000.0,3,9.6,28.0,2,2025-04-14,2025-04-16,1,2,2
Alina,Suceava,150000.0,0,9.6,0.0,2,2025-04-14,2025-04-16,1,2,2
Zlata Rezidential Home,Suceava,290000.0,4,9.6,10.0,2,2025-04-14,2025-04-16,1,2,2
Hotel Sonnenhof,Suceava,720.0,0,9.4,1.362,2,2025-04-14,2025-04-16,1,2,2
Prime Aparments University,Suceava,270000.0,4,9.9,47.0,2,2025-04-14,2025-04-16,1,2,2
Luxury Sunny Apartments near City Center Suceava,Suceava,282000.0,3,9.2,66.0,2,2025-04-14,2025-04-16,1,2,2
Casa Dora,Suceava,239000.0,4,9.2,129.0,2,2025-04-14,2025-04-16,1,2,2
Luxury Apartments and Studios Boulevard G Enescu Suceava,Suceava,360000.0,3,9.3,242.0,2,2025-04-14,2025-04-16,1,2,2
Casa Bucovineana,Suceava,459000.0,0,9.2,1.342,2,2025-04-14,2025-04-16,1,2,2
Apartament Suceava,Suceava,315000.0,3,9.7,46.0,2,2025-04-14,2025-04-16,1,2,2
Deluxe Aparthotel MARWELL RESIDENCE,Suceava,539.5,4,9.8,669.0,2,2025-04-14,2025-04-16,1,2,2
Cozy ApartHotel K Suceava,Suceava,360000.0,3,9.3,349.0,2,2025-04-14,2025-04-16,1,2,2
Mandachi Hotel & SPA,Suceava,860.0,0,9.4,3.183,2,2025-04-14,2025-04-16,1,2,2
Relaxing and Beautiful Apartments in Centre of Historical Suceava,Suceava,315000.0,3,9.1,59.0,2,2025-04-14,2025-04-16,1,2,2
Exclusive Ultracentral Apartments and Studios #Enescu#Universitatii#Suceava,Suceava,360000.0,3,9.4,87.0,2,2025-04-14,2025-04-16,1,2,2
Provence Suceava,Suceava,420000.0,0,9.6,829.0,2,2025-04-14,2025-04-16,1,2,2
LC APARTMENTS SUCEAVA Ab,Suceava,250000.0,3,9.6,5.0,2,2025-04-14,2025-04-16,1,2,2
Luxury 1 bedroom Avanera SV,Suceava,277000.0,0,7.7,8.0,2,2025-04-14,2025-04-16,1,2,2
Luxury Apartments Suceava,Suceava,351000.0,3,9.7,12.0,2,2025-04-14,2025-04-16,1,2,2
Lovely Cozy Apartments in Central Suceava,Suceava,360000.0,3,9.3,23.0,2,2025-04-14,2025-04-16,1,2,2
Travelers Home TWO BEDROOMS,Suceava,241500.0,3,9.1,11.0,2,2025-04-14,2025-04-16,1,2,2
Cozy Aparthotel - Central City Suceava,Suceava,396000.0,3,9.5,87.0,2,2025-04-14,2025-04-16,1,2,2
Sunrise paradise,Suceava,380000.0,3,9.6,48.0,2,2025-04-14,2025-04-16,1,2,2
KOA - Aparthotel,Prahova,629.0,0,9.7,1.469,2,2025-04-14,2025-04-16,1,2,2
Deluxe Cozy Apartments - Coresi Mall #Brasov,Prahova,443000.0,3,9.1,268.0,2,2025-04-14,2025-04-16,1,2,2
Coresi Mall Area Studios & Apartments by GLAM,Prahova,375000.0,3,9.3,95.0,2,2025-04-14,2025-04-16,1,2,2
Casa Moritz,Prahova,621.0,0,9.3,994.0,2,2025-04-14,2025-04-16,1,2,2
Vila William’s,Prahova,421000.0,0,9.0,454.0,2,2025-04-14,2025-04-16,1,2,2
Luxury Glam Apartments & Studios near Coresi Mall,Prahova,355000.0,4,9.4,191.0,2,2025-04-14,2025-04-16,1,2,2
Casa Roth,Prahova,230000.0,3,8.4,807.0,2,2025-04-14,2025-04-16,1,2,2
Apartment Alonisos Lux,Prahova,617.5,4,9.6,123.0,2,2025-04-14,2025-04-16,1,2,2
Cozy Luxury Apartments - Coresi Mall #Brasov,Prahova,335500.0,4,9.1,209.0,2,2025-04-14,2025-04-16,1,2,2
KOA - Davino Aparthotel,Prahova,419000.0,0,9.3,458.0,2,2025-04-14,2025-04-16,1,2,2
Mei,Prahova,446500.0,4,9.3,53.0,2,2025-04-14,2025-04-16,1,2,2
COZY Aparthotel - Premium Suites and Studios,Prahova,425500.0,3,9.9,20.0,2,2025-04-14,2025-04-16,1,2,2
1910 Boutique - Self Check-In Only,Prahova,615.5,0,9.0,234.0,2,2025-04-14,2025-04-16,1,2,2
Sabin Apartments Private Parking,Prahova,884.0,4,9.3,345.0,2,2025-04-14,2025-04-16,1,2,2
PEAK Aparthotel - Old Town - by CityHost,Prahova,364500.0,4,9.1,152.0,2,2025-04-14,2025-04-16,1,2,2
Royal Apartment,Prahova,617.5,4,9.8,121.0,2,2025-04-14,2025-04-16,1,2,2
Iza Bella,Prahova,297500.0,0,9.6,11.0,2,2025-04-14,2025-04-16,1,2,2
All Season Studios,Prahova,370500.0,0,8.9,726.0,2,2025-04-14,2025-04-16,1,2,2
"Skylark - Stockholm Penthouse with Jacuzzi, Movie Theater & Panoramic View",Prahova,690.0,4,9.8,54.0,2,2025-04-14,2025-04-16,1,2,2
City Escape Apartments,Prahova,450000.0,3,8.8,119.0,2,2025-04-14,2025-04-16,1,2,2
KOA - Twin Tower,Prahova,459000.0,4,9.3,217.0,2,2025-04-14,2025-04-16,1,2,2
Ylly aparts,Prahova,658.0,4,9.5,131.0,2,2025-04-14,2025-04-16,1,2,2
Select City Center Apartments,Prahova,400000.0,0,9.0,899.0,2,2025-04-14,2025-04-16,1,2,2
Vila Lac,Prahova,919.0,4,9.8,34.0,2,2025-04-14,2025-04-16,1,2,2
Casa Lucan Brașov,Prahova,1086.5,4,9.9,37.0,2,2025-04-14,2025-04-16,1,2,2
Hotel Sinaia,Sinaia,783.0,0,8.8,11.891,2,2025-04-14,2025-04-16,1,2,2
Chalet jolie Luxury Vila Sinaia,Sinaia,720.0,0,9.3,356.0,2,2025-04-14,2025-04-16,1,2,2
Expecto Apartments,Sinaia,568.0,4,9.6,582.0,2,2025-04-14,2025-04-16,1,2,2
Forest Apartments,Sinaia,338500.0,0,9.2,537.0,2,2025-04-14,2025-04-16,1,2,2
Vila Camelia,Sinaia,592.5,0,8.8,2.527,2,2025-04-14,2025-04-16,1,2,2
Hotel Rina Cerbul,Sinaia,403000.0,0,8.2,2.506,2,2025-04-14,2025-04-16,1,2,2
Hotel Carpathia,Sinaia,740.0,0,8.8,1.815,2,2025-04-14,2025-04-16,1,2,2
Cosy&Minimalistic Apartments - Haret Building,Sinaia,372500.0,3,9.7,219.0,2,2025-04-14,2025-04-16,1,2,2
Hotel Bastion,Sinaia,512.0,0,9.1,799.0,2,2025-04-14,2025-04-16,1,2,2
Casa Gabriela,Sinaia,578.0,3,9.5,44.0,2,2025-04-14,2025-04-16,1,2,2
Amandra Chalet,Sinaia,460000.0,0,9.0,46.0,2,2025-04-14,2025-04-16,1,2,2
Vila Retezat Sinaia,Sinaia,498000.0,0,8.9,1.203,2,2025-04-14,2025-04-16,1,2,2
Hotel Regal,Sinaia,632.0,0,9.2,799.0,2,2025-04-14,2025-04-16,1,2,2
Hotel Pestera Wellness & Spa,Sinaia,2250.0,0,9.3,770.0,2,2025-04-14,2025-04-16,1,2,2
Opus Villa,Sinaia,393000.0,0,9.5,1.233,2,2025-04-14,2025-04-16,1,2,2
Hotel Smart,Sinaia,1227.5,0,9.1,720.0,2,2025-04-14,2025-04-16,1,2,2
Vila Micul Castel,Sinaia,315000.0,0,8.6,543.0,2,2025-04-14,2025-04-16,1,2,2
Vila Felix,Sinaia,496000.0,0,9.3,453.0,2,2025-04-14,2025-04-16,1,2,2
Ioana Boutique Hotel,Sinaia,635.0,0,9.3,647.0,2,2025-04-14,2025-04-16,1,2,2
Central Park View Sinaia,Sinaia,790.0,4,9.8,84.0,2,2025-04-14,2025-04-16,1,2,2
SINAI APH Apartments,Sinaia,494500.0,3,9.7,609.0,2,2025-04-14,2025-04-16,1,2,2
Cristal Sinaia,Sinaia,389000.0,0,9.0,449.0,2,2025-04-14,2025-04-16,1,2,2
Opus View,Sinaia,360500.0,0,9.3,918.0,2,2025-04-14,2025-04-16,1,2,2
Moon Village Comarnic,Sinaia,882.0,4,9.4,755.0,2,2025-04-14,2025-04-16,1,2,2
Casa Flandria,Sinaia,450000.0,3,9.4,408.0,2,2025-04-14,2025-04-16,1,2,2
Residence 8 Deluxe,Ploiesti,270000.0,3,9.5,18.0,2,2025-04-14,2025-04-16,1,2,2
Residence 3,Ploiesti,180000.0,3,8.8,56.0,2,2025-04-14,2025-04-16,1,2,2
Albert Hotel,Ploiesti,300000.0,0,8.5,393.0,2,2025-04-14,2025-04-16,1,2,2
Residence 1,Ploiesti,235000.0,3,9.0,146.0,2,2025-04-14,2025-04-16,1,2,2
LC APARTMENTS Ploiești B,Ploiesti,300000.0,0,9.0,0.0,2,2025-04-14,2025-04-16,1,2,2
LC APARTMENTS Ploiești B4,Ploiesti,300000.0,0,9.0,0.0,2,2025-04-14,2025-04-16,1,2,2
Residence 7 De Lux !,Ploiesti,211500.0,0,9.1,32.0,2,2025-04-14,2025-04-16,1,2,2
Eugenia Apartament,Ploiesti,324000.0,3,9.3,52.0,2,2025-04-14,2025-04-16,1,2,2
ARP Apartments,Ploiesti,299500.0,3,8.5,16.0,2,2025-04-14,2025-04-16,1,2,2
Lorena in White Tower,Ploiesti,240000.0,0,9.0,1.0,2,2025-04-14,2025-04-16,1,2,2
Republicii Residence 2,Ploiesti,222500.0,3,7.8,20.0,2,2025-04-14,2025-04-16,1,2,2
Pensiunea Boema Ploiesti,Ploiesti,310000.0,0,8.0,238.0,2,2025-04-14,2025-04-16,1,2,2
White DeLuxe Apartment,Ploiesti,294000.0,0,9.5,65.0,2,2025-04-14,2025-04-16,1,2,2
LC APARTMENTS Piața Victoriei,Ploiesti,220000.0,3,1.0,1.0,2,2025-04-14,2025-04-16,1,2,2
LC APARTMENTS Ploiești M4,Ploiesti,260000.0,0,1.8,5.0,2,2025-04-14,2025-04-16,1,2,2
Ultracentral Residence 6,Ploiesti,268000.0,3,6.9,18.0,2,2025-04-14,2025-04-16,1,2,2
Hotel Daly,Ploiesti,450000.0,0,8.6,236.0,2,2025-04-14,2025-04-16,1,2,2
Centru Civic,Ploiesti,240000.0,0,5.2,6.0,2,2025-04-14,2025-04-16,1,2,2
Premier rooms,Ploiesti,400000.0,3,9.2,104.0,2,2025-04-14,2025-04-16,1,2,2
3Rooms Center,Ploiesti,351000.0,3,8.0,1.0,2,2025-04-14,2025-04-16,1,2,2
Vila Pati,Ploiesti,620.0,0,9.3,27.0,2,2025-04-14,2025-04-16,1,2,2
Casa Seciu,Ploiesti,590.0,4,9.2,528.0,2,2025-04-14,2025-04-16,1,2,2
My HOME 1,Ploiesti,315000.0,0,9.2,1.0,2,2025-04-14,2025-04-16,1,2,2
Apartament Simoni,Ploiesti,500.0,3,9.9,16.0,2,2025-04-14,2025-04-16,1,2,2
LC APARTMENTS TEATRULUI Ploiești,Ploiesti,250000.0,0,9.9,0.0,2,2025-05-28,2025-05-30,1,2,2
Residence 8 Deluxe,Ploiesti,270000.0,3,9.5,18.0,2,2025-05-28,2025-05-30,1,2,2
Residence 1,Ploiesti,235000.0,3,9.0,146.0,2,2025-05-28,2025-05-30,1,2,2
Residence 7 De Lux !,Ploiesti,235000.0,0,9.1,32.0,2,2025-05-28,2025-05-30,1,2,2
Ioanic Modern Apartment with Parking,Ploiesti,193500.0,3,9.9,8.0,2,2025-05-28,2025-05-30,1,2,2
Residence 3,Ploiesti,226000.0,3,8.8,56.0,2,2025-05-28,2025-05-30,1,2,2
LC APARTMENTS Ploiești B4,Ploiesti,300000.0,0,8.8,0.0,2,2025-05-28,2025-05-30,1,2,2
LC APARTMENTS Ploiești B,Ploiesti,300000.0,0,8.8,0.0,2,2025-05-28,2025-05-30,1,2,2
Eugenia Apartament,Ploiesti,324000.0,3,9.3,52.0,2,2025-05-28,2025-05-30,1,2,2
ULTRACENTRAL Apartment Cuza Voda,Ploiesti,179000.0,3,9.3,2.0,2,2025-05-28,2025-05-30,1,2,2
ARP LUXURY Apartments,Ploiesti,342000.0,3,9.6,15.0,2,2025-05-28,2025-05-30,1,2,2
ultracentral,Ploiesti,280500.0,3,8.7,14.0,2,2025-05-28,2025-05-30,1,2,2
ARP Apartments,Ploiesti,299500.0,3,8.5,16.0,2,2025-05-28,2025-05-30,1,2,2
Complex Casa Buna Vestire,Ploiesti,450000.0,3,9.7,180.0,2,2025-05-28,2025-05-30,1,2,2
Lorena in White Tower,Ploiesti,240000.0,0,9.0,1.0,2,2025-05-28,2025-05-30,1,2,2
Apartament Genius 2,Ploiesti,422500.0,0,9.9,32.0,2,2025-05-28,2025-05-30,1,2,2
Republicii Residence 2,Ploiesti,222500.0,3,7.8,20.0,2,2025-05-28,2025-05-30,1,2,2
Ultracentral Ploiesti Apartment-Free Private Parking,Ploiesti,418000.0,3,9.2,35.0,2,2025-05-28,2025-05-30,1,2,2
White DeLuxe Apartment,Ploiesti,294000.0,0,9.5,65.0,2,2025-05-28,2025-05-30,1,2,2
Ultracentral Residence 6,Ploiesti,268000.0,3,6.9,18.0,2,2025-05-28,2025-05-30,1,2,2
Catinca Residence,Ploiesti,250000.0,0,6.9,0.0,2,2025-05-28,2025-05-30,1,2,2
LC APARTMENTS Ploiești M4,Ploiesti,260000.0,0,1.8,5.0,2,2025-05-28,2025-05-30,1,2,2
3Rooms Center,Ploiesti,351000.0,3,8.0,1.0,2,2025-05-28,2025-05-30,1,2,2
Hotel Daly,Ploiesti,450000.0,0,8.6,236.0,2,2025-05-28,2025-05-30,1,2,2
Vila Pati,Ploiesti,620.0,0,9.3,27.0,2,2025-05-28,2025-05-30,1,2,2
Hotel Premium Campinas,Campina,490000.0,0,8.6,1.39,2,2025-05-10,2025-05-12,1,2,2
Hotel Vila Rica Campinas,Campina,281500.0,0,8.0,1.965,2,2025-05-10,2025-05-12,1,2,2
Hotel PrimeInn,Campina,271500.0,0,8.2,2.163,2,2025-05-10,2025-05-12,1,2,2
Hotel Casablanca,Campina,230500.0,0,8.7,1.796,2,2025-05-10,2025-05-12,1,2,2
Hotel Esplanada,Campina,265500.0,0,7.1,1.397,2,2025-05-10,2025-05-12,1,2,2
Pousada Santa Genebra,Campina,145000.0,0,9.4,224.0,2,2025-05-10,2025-05-12,1,2,2
Hotel Village Campinas,Campina,273500.0,0,8.7,789.0,2,2025-05-10,2025-05-12,1,2,2
Pousada Happy Inn,Campina,233500.0,0,9.2,677.0,2,2025-05-10,2025-05-12,1,2,2
K1 RESIDENCE TAQUARAL com garagem incluída,Campina,360000.0,3,8.8,551.0,2,2025-05-10,2025-05-12,1,2,2
Hotel Castro Mendes,Campina,233500.0,0,6.6,2.161,2,2025-05-10,2025-05-12,1,2,2
Casa Saito,Campina,197000.0,0,6.6,1.0,2,2025-05-10,2025-05-12,1,2,2
OYO Pousada Tia Léo Campinas,Campina,111500.0,0,5.0,599.0,2,2025-05-10,2025-05-12,1,2,2
Radisson RED Campinas,Campina,1182.5,0,8.8,1.058,2,2025-05-10,2025-05-12,1,2,2
Unity Hotel - Campinas,Campina,324000.0,0,8.2,14.0,2,2025-05-10,2025-05-12,1,2,2
Pousada Seu Jorge,Campina,322000.0,0,9.5,273.0,2,2025-05-10,2025-05-12,1,2,2
Residencial Castelo Branco,Campina,416500.0,3,9.1,41.0,2,2025-05-10,2025-05-12,1,2,2
Lize Hotel Rodoviária,Campina,225000.0,0,6.6,643.0,2,2025-05-10,2025-05-12,1,2,2
Casa Prox Camara Municipal,Campina,209000.0,3,9.5,72.0,2,2025-05-10,2025-05-12,1,2,2
"Apto perto do Hotel Premium com garagem, 3 camas, 2 quartos, portaria 24h",Campina,241500.0,3,9.5,1.0,2,2025-05-10,2025-05-12,1,2,2
Maravilhoso Studio Flat Apto no Bosque - Campinas,Campina,341500.0,3,9.2,23.0,2,2025-05-10,2025-05-12,1,2,2
Lindo Apto Flat Aconchegante e Mobiliado em Campinas !!!,Campina,345000.0,4,9.1,21.0,2,2025-05-10,2025-05-12,1,2,2
Maravilhoso Flat Loft Mobiliado Centro Campinas !!!,Campina,345000.0,4,9.1,8.0,2,2025-05-10,2025-05-12,1,2,2
Hotel Dan Inn Campinas Anhanguera - Melhor Localização e Custo Benefício By Nacional Inn,Campina,382000.0,0,7.9,2.212,2,2025-05-10,2025-05-12,1,2,2
Apartamento inteiro para até 5 pessoas,Campina,338000.0,3,9.3,83.0,2,2025-05-10,2025-05-12,1,2,2
DANI HOTEL,Campina,225000.0,0,6.4,477.0,2,2025-05-10,2025-05-12,1,2,2
